date,strategy,code
2026-10-01,爆量突破季線,2420
2026-10-01,爆量突破季線,2428
2026-10-01,爆量突破季線,2492
2026-10-01,爆量突破季線,3025
2026-10-01,爆量突破季線,3236
2026-10-01,爆量突破季線,3537
2026-10-01,爆量突破季線,3588
2026-10-01,爆量突破季線,4178
2026-10-01,爆量突破季線,4722
2026-10-01,爆量突破季線,5228
2026-10-01,爆量突破季線,6113
2026-10-01,爆量突破季線,6127
2026-10-01,爆量突破季線,6174
2026-10-01,爆量突破季線,6202
2026-10-01,爆量突破季線,6259
2026-10-01,爆量突破季線,6284
2026-10-01,爆量突破季線,6432
2026-10-01,爆量突破季線,6907
2026-10-01,爆量突破季線,7795
2026-10-01,爆量突破季線,8042
2026-10-01,漲停,1709
2026-10-01,漲停,2033
2026-10-01,漲停,2327
2026-10-01,漲停,2492
2026-10-01,漲停,3025
2026-10-01,漲停,3094
2026-10-01,漲停,3147
2026-10-01,漲停,3167
2026-10-01,漲停,3236
2026-10-01,漲停,3311
2026-10-01,漲停,3441
2026-10-01,漲停,3490
2026-10-01,漲停,3537
2026-10-01,漲停,3588
2026-10-01,漲停,3624
2026-10-01,漲停,3701
2026-10-01,漲停,4174
2026-10-01,漲停,4178
2026-10-01,漲停,4556
2026-10-01,漲停,4722
2026-10-01,漲停,4760
2026-10-01,漲停,4919
2026-10-01,漲停,5228
2026-10-01,漲停,5328
2026-10-01,漲停,6113
2026-10-01,漲停,6127
2026-10-01,漲停,6150
2026-10-01,漲停,6155
2026-10-01,漲停,6174
2026-10-01,漲停,6432
2026-10-01,漲停,6449
2026-10-01,漲停,6485
2026-10-01,漲停,6533
2026-10-01,漲停,6672
2026-10-01,漲停,6708
2026-10-01,漲停,6834
2026-10-01,漲停,6994
2026-10-01,漲停,7711
2026-10-01,漲停,7795
2026-10-01,漲停,8121
2026-10-01,漲停,8201
2026-10-01,漲停,8289
2026-10-01,爆量長紅,1336
2026-10-01,爆量長紅,2340
2026-10-01,爆量長紅,2375
2026-10-01,爆量長紅,2420
2026-10-01,爆量長紅,3013
2026-10-01,爆量長紅,3025
2026-10-01,爆量長紅,3236
2026-10-01,爆量長紅,3311
2026-10-01,爆量長紅,3441
2026-10-01,爆量長紅,3490
2026-10-01,爆量長紅,3537
2026-10-01,爆量長紅,3588
2026-10-01,爆量長紅,3701
2026-10-01,爆量長紅,4178
2026-10-01,爆量長紅,4722
2026-10-01,爆量長紅,4760
2026-10-01,爆量長紅,4912
2026-10-01,爆量長紅,5228
2026-10-01,爆量長紅,5314
2026-10-01,爆量長紅,5328
2026-10-01,爆量長紅,6113
2026-10-01,爆量長紅,6127
2026-10-01,爆量長紅,6150
2026-10-01,爆量長紅,6155
2026-10-01,爆量長紅,6175
2026-10-01,爆量長紅,6259
2026-10-01,爆量長紅,6284
2026-10-01,爆量長紅,6432
2026-10-01,爆量長紅,6449
2026-10-01,爆量長紅,6485
2026-10-01,爆量長紅,6907
2026-10-01,爆量長紅,8042
2026-10-01,爆量長紅,8043
2026-10-01,爆量長紅,8109
2026-10-01,爆量長紅,8182
2026-10-01,爆量長紅,8201
2026-10-01,爆量長紅,8289
2026-10-01,前一天爆量、今天續強,1336
2026-10-01,前一天爆量、今天續強,1597
2026-10-01,前一天爆量、今天續強,1617
2026-10-01,前一天爆量、今天續強,2061
2026-10-01,前一天爆量、今天續強,2340
2026-10-01,前一天爆量、今天續強,2483
2026-10-01,前一天爆量、今天續強,3013
2026-10-01,前一天爆量、今天續強,3094
2026-10-01,前一天爆量、今天續強,3162
2026-10-01,前一天爆量、今天續強,3311
2026-10-01,前一天爆量、今天續強,3455
2026-10-01,前一天爆量、今天續強,3701
2026-10-01,前一天爆量、今天續強,3709
2026-10-01,前一天爆量、今天續強,4526
2026-10-01,前一天爆量、今天續強,4912
2026-10-01,前一天爆量、今天續強,4968
2026-10-01,前一天爆量、今天續強,5243
2026-10-01,前一天爆量、今天續強,5434
2026-10-01,前一天爆量、今天續強,6120
2026-10-01,前一天爆量、今天續強,6150
2026-10-01,前一天爆量、今天續強,6196
2026-10-01,前一天爆量、今天續強,6233
2026-10-01,前一天爆量、今天續強,6485
2026-10-01,前一天爆量、今天續強,6691
2026-10-01,前一天爆量、今天續強,6708
2026-10-01,前一天爆量、今天續強,8201
2026-10-01,爆量突破新高（收盤確認）,2340
2026-10-01,爆量突破新高（收盤確認）,3311
2026-10-01,爆量突破新高（收盤確認）,3441
2026-10-01,爆量突破新高（收盤確認）,3701
2026-10-01,爆量突破新高（收盤確認）,4912
2026-10-01,爆量突破新高（收盤確認）,6150
2026-10-01,爆量突破新高（收盤確認）,6485
2026-10-01,爆量突破新高（收盤確認）,6532
2026-10-01,爆量突破新高（收盤確認）,8201
2026-10-01,強勢創新高,1560
2026-10-01,強勢創新高,1709
2026-10-01,強勢創新高,2030
2026-10-01,強勢創新高,2033
2026-10-01,強勢創新高,2340
2026-10-01,強勢創新高,2466
2026-10-01,強勢創新高,3094
2026-10-01,強勢創新高,3167
2026-10-01,強勢創新高,3189
2026-10-01,強勢創新高,3311
2026-10-01,強勢創新高,3441
2026-10-01,強勢創新高,3455
2026-10-01,強勢創新高,4174
2026-10-01,強勢創新高,4563
2026-10-01,強勢創新高,4903
2026-10-01,強勢創新高,4912
2026-10-01,強勢創新高,6122
2026-10-01,強勢創新高,6150
2026-10-01,強勢創新高,6425
2026-10-01,強勢創新高,6491
2026-10-01,強勢創新高,6499
2026-10-01,強勢創新高,6532
2026-10-01,強勢創新高,6533
2026-10-01,強勢創新高,6672
2026-10-01,強勢創新高,6743
2026-10-01,強勢創新高,6957
2026-10-01,強勢創新高,8046
2026-10-01,強勢創新高,8201
2026-10-01,強勢創新高,8240
2026-10-01,準備突破觀察,1101
2026-10-01,準備突破觀察,1336
2026-10-01,準備突破觀察,2029
2026-10-01,準備突破觀察,2031
2026-10-01,準備突破觀察,2347
2026-10-01,準備突破觀察,2354
2026-10-01,準備突破觀察,2371
2026-10-01,準備突破觀察,2395
2026-10-01,準備突破觀察,2614
2026-10-01,準備突破觀察,2851
2026-10-01,準備突破觀察,2881
2026-10-01,準備突破觀察,2884
2026-10-01,準備突破觀察,2897
2026-10-01,準備突破觀察,2905
2026-10-01,準備突破觀察,3017
2026-10-01,準備突破觀察,3034
2026-10-01,準備突破觀察,3044
2026-10-01,準備突破觀察,3045
2026-10-01,準備突破觀察,3680
2026-10-01,準備突破觀察,3714
2026-10-01,準備突破觀察,4961
2026-10-01,準備突破觀察,5876
2026-10-01,準備突破觀察,6530
2026-10-01,準備突破觀察,6589
2026-10-01,準備突破觀察,6937
