date,kind,name,n,active,surge,limit,up7,avg_chg,first5,main,members
2026-10-02,產業,電子零組件業,211,19,12,12,14,1.45,09:07,True,6174 8289 4958 3236 3114 5228 6821 4927 5498 2492 8074 6834 6266 6672 6292
2026-10-02,產業,半導體業,199,18,10,9,12,1.46,09:22,True,4991 8091 8150 3707 4971 6708 3105 3259 6488 6531 4919 3016 6548 6435 3450
2026-10-02,產業,通信網路業,92,10,4,9,9,1.75,09:04,True,2321 2444 3564 4905 3311 3081 6442 4908 3163 6263
2026-10-02,產業,化學工業,42,9,6,7,7,3.18,09:13,True,4764 4720 1709 1735 4716 1727 4722 4772 1711
2026-10-02,產業,光電業,115,6,3,3,4,1.13,12:16,False,8111 3673 2466 3031 5244 3441 6517
2026-10-02,產業,其他電子業,94,5,3,4,4,0.79,12:31,False,8021 3518 4760 6877 3030
2026-10-02,產業,鋼鐵工業,49,4,1,4,4,0.97,,False,2033 5013 5011 5015
2026-10-02,題材,矽光子/CPO,8,4,3,3,3,6.59,10:22,False,3081 6442 3163 3450
2026-10-02,產業,紡織纖維,52,2,2,2,2,0.18,,False,1459 1467
2026-10-02,產業,綠能環保,40,2,1,2,2,0.67,,False,6994 5205
2026-10-02,產業,生技醫療業,150,2,2,1,3,-0.28,,False,6461 6796 6794
2026-10-02,產業,電腦及週邊設備業,110,2,2,1,1,0.01,,False,3701 5426
