date,code,open,high,low,close,volume
2025-09-04,0050,52.54999923706055,52.70000076293945,52.25,52.29999923706055,37461241
2025-09-05,0050,52.70000076293945,52.900001525878906,52.650001525878906,52.849998474121094,37395300
2025-09-08,0050,53.400001525878906,53.54999923706055,53.25,53.349998474121094,59980892
2025-09-09,0050,53.54999923706055,53.95000076293945,53.5,53.900001525878906,56315324
2025-09-10,0050,54.400001525878906,55.0,54.400001525878906,54.95000076293945,73272121
2025-09-11,0050,55.54999923706055,55.900001525878906,55.25,55.45000076293945,84750243
2025-09-12,0050,55.75,56.0,55.70000076293945,56.0,57457218
2025-09-15,0050,56.0,56.04999923706055,55.79999923706055,56.0,52544684
2025-09-16,0050,56.150001525878906,56.849998474121094,56.150001525878906,56.75,63314427
2025-09-17,0050,56.599998474121094,56.599998474121094,56.25,56.349998474121094,66204045
2025-09-18,0050,56.5,56.95000076293945,56.25,56.95000076293945,44089588
2025-09-19,0050,57.0,57.099998474121094,56.599998474121094,57.0,71674519
2025-09-22,0050,57.0,57.400001525878906,56.75,57.400001525878906,56355369
2025-09-23,0050,57.849998474121094,58.599998474121094,57.849998474121094,58.45000076293945,89181458
2025-09-24,0050,58.70000076293945,58.95000076293945,58.099998474121094,58.400001525878906,90579906
2025-09-25,0050,58.349998474121094,58.400001525878906,58.0,58.20000076293945,56318217
2025-09-26,0050,57.900001525878906,57.900001525878906,56.849998474121094,57.25,158564436
2025-09-30,0050,57.54999923706055,57.900001525878906,57.54999923706055,57.79999923706055,62389962
2025-10-01,0050,57.900001525878906,58.75,57.900001525878906,58.099998474121094,74531798
2025-10-02,0050,59.0,59.25,58.849998474121094,59.20000076293945,72057003
2025-10-03,0050,59.20000076293945,60.099998474121094,59.04999923706055,60.04999923706055,73601535
2025-10-07,0050,61.0,61.70000076293945,60.900001525878906,61.70000076293945,132381054
2025-10-08,0050,61.0,61.150001525878906,60.599998474121094,61.150001525878906,112448112
2025-10-09,0050,61.849998474121094,61.95000076293945,61.5,61.599998474121094,72911291
2025-10-13,0050,59.900001525878906,61.0,59.599998474121094,61.0,261787970
2025-10-14,0050,61.849998474121094,62.150001525878906,60.650001525878906,60.70000076293945,157148588
2025-10-15,0050,61.0,61.79999923706055,60.599998474121094,61.79999923706055,97216134
2025-10-16,0050,62.099998474121094,63.0,62.099998474121094,63.0,112923095
2025-10-17,0050,62.04999923706055,62.29999923706055,61.900001525878906,62.04999923706055,157583768
2025-10-20,0050,62.349998474121094,63.20000076293945,62.150001525878906,63.099998474121094,102880277
2025-10-21,0050,63.400001525878906,63.650001525878906,63.04999923706055,63.20000076293945,124931191
2025-10-22,0050,62.599998474121094,62.849998474121094,62.25,62.70000076293945,116660310
2025-10-23,0050,62.099998474121094,62.400001525878906,61.75,62.349998474121094,161355781
2025-10-27,0050,63.75,63.900001525878906,63.45000076293945,63.79999923706055,102297434
2025-10-28,0050,63.54999923706055,63.70000076293945,63.20000076293945,63.349998474121094,93730892
2025-10-29,0050,63.70000076293945,64.44999694824219,63.70000076293945,64.4000015258789,65206490
2025-10-30,0050,64.5999984741211,64.80000305175781,64.0,64.4000015258789,91073965
2025-10-31,0050,64.5999984741211,64.80000305175781,64.4000015258789,64.75,53629924
2025-11-03,0050,64.44999694824219,64.80000305175781,63.900001525878906,64.1500015258789,130638786
2025-11-04,0050,64.5,64.8499984741211,63.849998474121094,63.95000076293945,83118781
2025-11-05,0050,62.95000076293945,63.150001525878906,62.29999923706055,63.150001525878906,210997899
2025-11-06,0050,63.349998474121094,63.5,63.150001525878906,63.29999923706055,65559913
2025-11-07,0050,62.650001525878906,62.75,62.400001525878906,62.54999923706055,102458588
2025-11-10,0050,62.79999923706055,63.349998474121094,62.599998474121094,63.349998474121094,80256746
2025-11-11,0050,63.650001525878906,63.70000076293945,62.849998474121094,62.900001525878906,75382949
2025-11-12,0050,62.95000076293945,63.29999923706055,62.75,63.20000076293945,59822193
2025-11-13,0050,62.79999923706055,62.95000076293945,62.599998474121094,62.900001525878906,74963633
2025-11-14,0050,61.650001525878906,61.900001525878906,61.400001525878906,61.70000076293945,204108022
2025-11-17,0050,62.0,62.20000076293945,61.79999923706055,61.900001525878906,86927813
2025-11-18,0050,61.29999923706055,61.29999923706055,60.29999923706055,60.45000076293945,240526230
2025-11-19,0050,60.150001525878906,60.5,59.900001525878906,60.04999923706055,138705085
2025-11-20,0050,61.54999923706055,61.95000076293945,61.349998474121094,61.900001525878906,81330710
2025-11-21,0050,60.099998474121094,60.150001525878906,59.5,59.849998474121094,299502200
2025-11-24,0050,60.099998474121094,60.099998474121094,59.45000076293945,59.54999923706055,153617414
2025-11-25,0050,60.70000076293945,60.75,60.099998474121094,60.349998474121094,61913501
2025-11-26,0050,61.099998474121094,61.5,61.0,61.349998474121094,73622900
2025-11-27,0050,61.79999923706055,62.099998474121094,61.650001525878906,61.900001525878906,52209933
2025-11-28,0050,61.95000076293945,62.400001525878906,61.849998474121094,62.349998474121094,66700125
2025-12-01,0050,61.79999923706055,61.95000076293945,61.400001525878906,61.5,96548521
2025-12-02,0050,61.79999923706055,62.20000076293945,61.650001525878906,61.70000076293945,41397425
2025-12-03,0050,62.400001525878906,62.5,62.099998474121094,62.29999923706055,44855416
2025-12-04,0050,62.400001525878906,62.5,62.0,62.20000076293945,38785824
2025-12-05,0050,62.45000076293945,62.75,62.349998474121094,62.75,45051403
2025-12-08,0050,63.0,63.70000076293945,62.95000076293945,63.70000076293945,76124318
2025-12-09,0050,63.79999923706055,63.849998474121094,63.54999923706055,63.599998474121094,48271330
2025-12-10,0050,63.70000076293945,64.19999694824219,63.650001525878906,64.05000305175781,64151249
2025-12-11,0050,64.30000305175781,64.5,63.20000076293945,63.349998474121094,94638653
2025-12-12,0050,63.54999923706055,63.79999923706055,63.29999923706055,63.45000076293945,57687594
2025-12-15,0050,62.5,62.849998474121094,62.400001525878906,62.79999923706055,105905436
2025-12-16,0050,62.099998474121094,62.25,61.70000076293945,62.25,155552766
2025-12-17,0050,62.150001525878906,62.45000076293945,61.849998474121094,61.900001525878906,89657544
2025-12-18,0050,61.79999923706055,62.099998474121094,61.54999923706055,61.900001525878906,112535790
2025-12-19,0050,62.400001525878906,62.75,62.349998474121094,62.5,79433169
2025-12-22,0050,63.29999923706055,63.45000076293945,63.04999923706055,63.400001525878906,91596850
2025-12-23,0050,63.5,63.79999923706055,63.5,63.70000076293945,100327038
2025-12-24,0050,63.95000076293945,64.05000305175781,63.75,63.849998474121094,62393202
2025-12-26,0050,64.19999694824219,64.5,64.0999984741211,64.4000015258789,68362335
2025-12-29,0050,64.6500015258789,65.3499984741211,64.5999984741211,65.25,83563905
2025-12-30,0050,64.9000015258789,65.30000305175781,64.75,65.1500015258789,58116367
2025-12-31,0050,65.0999984741211,65.8499984741211,64.9000015258789,65.5999984741211,69494353
2026-01-02,0050,66.0,67.0,65.80000305175781,66.94999694824219,77878570
2026-01-05,0050,68.0999984741211,70.05000305175781,68.05000305175781,69.5,225924687
2026-01-06,0050,69.44999694824219,70.4000015258789,68.94999694824219,70.4000015258789,125256215
2026-01-07,0050,70.4000015258789,70.44999694824219,69.69999694824219,69.8499984741211,113869755
2026-01-08,0050,69.6500015258789,70.3499984741211,69.4000015258789,70.0999984741211,71394567
2026-01-09,0050,69.80000305175781,70.25,68.9000015258789,69.8499984741211,106682469
2026-01-12,0050,70.5,70.55000305175781,70.05000305175781,70.3499984741211,80365400
2026-01-13,0050,71.0999984741211,71.19999694824219,70.30000305175781,70.69999694824219,99445355
2026-01-14,0050,70.94999694824219,71.0999984741211,70.6500015258789,70.75,82266008
2026-01-15,0050,70.69999694824219,70.69999694824219,70.1500015258789,70.6500015258789,89452635
2026-01-16,0050,71.75,72.0999984741211,71.19999694824219,72.0,97268614
2026-01-19,0050,71.69999694824219,72.80000305175781,71.44999694824219,72.5999984741211,116848644
2026-01-20,0050,71.9000015258789,72.6500015258789,71.8499984741211,72.5999984741211,104977401
2026-01-21,0050,71.80000305175781,72.5,71.69999694824219,71.8499984741211,161269608
2026-01-22,0050,71.9000015258789,72.05000305175781,71.5999984741211,71.80000305175781,96360058
2026-01-23,0050,72.0999984741211,72.30000305175781,71.80000305175781,72.25,68701320
2026-01-26,0050,72.25,72.6500015258789,72.19999694824219,72.25,84082813
2026-01-27,0050,72.4000015258789,73.1500015258789,72.3499984741211,73.05000305175781,70421120
2026-01-28,0050,73.55000305175781,74.19999694824219,73.5,74.19999694824219,87294077
2026-01-29,0050,74.4000015258789,74.5,73.5,73.75,111905919
2026-01-30,0050,73.1500015258789,73.19999694824219,72.30000305175781,72.5999984741211,159055585
2026-02-02,0050,71.55000305175781,71.75,70.9000015258789,71.5,211262670
2026-02-03,0050,73.0,73.05000305175781,72.4000015258789,72.94999694824219,70926930
2026-02-04,0050,72.4000015258789,73.1500015258789,72.30000305175781,72.9000015258789,56597222
2026-02-05,0050,72.05000305175781,72.25,71.75,72.0,95746290
2026-02-06,0050,71.4000015258789,72.25,70.80000305175781,71.9000015258789,102980565
2026-02-09,0050,74.05000305175781,74.1500015258789,73.75,73.94999694824219,118533745
2026-02-10,0050,74.6500015258789,75.5,74.5999984741211,75.5,98559015
2026-02-11,0050,75.9000015258789,77.44999694824219,75.9000015258789,77.19999694824219,114028587
2026-02-23,0050,78.44999694824219,78.44999694824219,77.19999694824219,77.4000015258789,212974781
2026-02-24,0050,77.94999694824219,79.6500015258789,77.8499984741211,79.4000015258789,143721014
2026-02-25,0050,80.3499984741211,81.80000305175781,80.25,81.0999984741211,158561421
2026-02-26,0050,81.25,81.5,80.80000305175781,81.1500015258789,123812672
2026-03-02,0050,79.5,80.80000305175781,79.1500015258789,80.3499984741211,204278933
2026-03-03,0050,80.05000305175781,80.4000015258789,78.6500015258789,78.75,288356288
2026-03-04,0050,77.4000015258789,77.44999694824219,75.5,75.5999984741211,455564304
2026-03-05,0050,78.30000305175781,78.8499984741211,76.69999694824219,77.4000015258789,194777972
2026-03-06,0050,76.80000305175781,77.30000305175781,76.30000305175781,76.8499984741211,139697065
2026-03-09,0050,73.1500015258789,73.5999984741211,71.6500015258789,73.5999984741211,493890200
2026-03-10,0050,75.9000015258789,76.25,74.30000305175781,75.19999694824219,164247105
2026-03-11,0050,76.30000305175781,78.5,76.0999984741211,78.19999694824219,147508364
2026-03-12,0050,77.0999984741211,77.5999984741211,76.3499984741211,76.5999984741211,120680192
2026-03-13,0050,75.1500015258789,76.55000305175781,75.0,75.94999694824219,105970280
2026-03-16,0050,76.30000305175781,76.69999694824219,75.44999694824219,75.5999984741211,97649824
2026-03-17,0050,76.44999694824219,77.0,76.30000305175781,76.6500015258789,61503521
2026-03-18,0050,77.75,78.05000305175781,77.44999694824219,77.80000305175781,72305179
2026-03-19,0050,76.5999984741211,76.80000305175781,75.94999694824219,76.0,128778782
2026-03-20,0050,76.19999694824219,76.4000015258789,75.5,75.9000015258789,67265037
2026-03-23,0050,73.5,74.44999694824219,73.30000305175781,74.25,210502502
2026-03-24,0050,75.5,75.5999984741211,73.80000305175781,74.4000015258789,83942753
2026-03-25,0050,76.3499984741211,76.6500015258789,76.0,76.19999694824219,91456088
2026-03-26,0050,76.30000305175781,76.8499984741211,75.5999984741211,75.80000305175781,76157584
2026-03-27,0050,74.44999694824219,75.0999984741211,74.0999984741211,75.0,106078935
2026-03-30,0050,73.30000305175781,74.05000305175781,72.80000305175781,73.9000015258789,158608942
2026-03-31,0050,73.3499984741211,73.44999694824219,72.1500015258789,72.3499984741211,231400782
2026-04-01,0050,75.0,75.5999984741211,74.5999984741211,75.44999694824219,126562159
2026-04-02,0050,75.9000015258789,76.05000305175781,73.80000305175781,73.94999694824219,105707506
2026-04-07,0050,75.1500015258789,75.44999694824219,74.6500015258789,75.30000305175781,76885542
2026-04-08,0050,78.0999984741211,79.25,78.0999984741211,79.19999694824219,227364928
2026-04-09,0050,79.30000305175781,79.4000015258789,78.80000305175781,79.1500015258789,92049631
2026-04-10,0050,80.0,80.80000305175781,79.94999694824219,80.75,115520077
2026-04-13,0050,80.5999984741211,81.0,80.4000015258789,80.5999984741211,87581345
2026-04-14,0050,81.75,83.19999694824219,81.75,83.0999984741211,123920345
2026-04-15,0050,84.0999984741211,85.0999984741211,83.80000305175781,84.1500015258789,122414906
2026-04-16,0050,84.75,85.0999984741211,84.1500015258789,85.0,76987129
2026-04-17,0050,84.19999694824219,84.5,84.0,84.1500015258789,93304532
2026-04-20,0050,84.55000305175781,85.0999984741211,84.44999694824219,84.55000305175781,95994589
2026-04-21,0050,85.5,86.0999984741211,85.0,86.0,71987659
2026-04-22,0050,85.75,86.5999984741211,85.55000305175781,86.3499984741211,64147874
2026-04-23,0050,87.6500015258789,88.80000305175781,85.1500015258789,86.3499984741211,148310644
2026-04-24,0050,87.5999984741211,89.94999694824219,87.55000305175781,89.94999694824219,125117290
2026-04-27,0050,92.69999694824219,94.25,92.69999694824219,93.0,183173507
2026-04-28,0050,92.55000305175781,93.6500015258789,91.9000015258789,92.0,114706934
2026-04-29,0050,90.69999694824219,91.5,90.0,90.75,93857452
2026-04-30,0050,91.25,91.9000015258789,90.30000305175781,90.5,82229228
2026-05-04,0050,92.5,94.6500015258789,92.4000015258789,94.5999984741211,120393477
2026-05-05,0050,94.4000015258789,94.75,94.0,94.5999984741211,76579608
2026-05-06,0050,96.05000305175781,96.9000015258789,94.69999694824219,95.75,105507530
2026-05-07,0050,97.94999694824219,98.4000015258789,97.4000015258789,97.69999694824219,110289613
2026-05-08,0050,97.3499984741211,97.69999694824219,95.8499984741211,97.0,117639791
2026-05-11,0050,96.6500015258789,97.1500015258789,96.5,96.9000015258789,88544547
2026-05-12,0050,96.8499984741211,97.3499984741211,95.5,96.8499984741211,94676481
2026-05-13,0050,94.8499984741211,95.80000305175781,94.69999694824219,95.5,113598688
2026-05-14,0050,96.9000015258789,97.19999694824219,95.75,96.05000305175781,53565899
2026-05-15,0050,97.6500015258789,98.25,95.19999694824219,95.4000015258789,90487261
2026-05-18,0050,94.0,95.19999694824219,93.30000305175781,94.9000015258789,105172915
2026-05-19,0050,94.3499984741211,94.69999694824219,93.0999984741211,93.0999984741211,116385289
2026-05-20,0050,93.0,93.5,92.44999694824219,92.5,108931614
2026-05-21,0050,94.80000305175781,96.05000305175781,94.69999694824219,95.8499984741211,59494294
2026-05-22,0050,96.30000305175781,97.30000305175781,96.0,97.30000305175781,60917271
2026-05-25,0050,99.55000305175781,101.0,99.55000305175781,100.80000305175781,124114624
2026-05-26,0050,101.5999984741211,101.80000305175781,100.0999984741211,100.0999984741211,87695026
2026-05-27,0050,102.4000015258789,103.9000015258789,102.0,102.55000305175781,90102044
2026-05-28,0050,104.0,104.25,100.0999984741211,100.5,140421329
2026-05-29,0050,103.19999694824219,105.4000015258789,102.69999694824219,105.4000015258789,98892043
2026-06-01,0050,105.25,106.69999694824219,104.5,105.5,127067000
2026-06-02,0050,106.30000305175781,106.30000305175781,104.19999694824219,105.69999694824219,107794552
2026-06-03,0050,107.30000305175781,107.8499984741211,107.0999984741211,107.5999984741211,75111550
2026-06-04,0050,106.75,107.0,106.05000305175781,106.0999984741211,108491104
2026-06-05,0050,105.0,105.3499984741211,102.80000305175781,104.1500015258789,164564140
2026-06-08,0050,98.05000305175781,101.30000305175781,98.05000305175781,100.94999694824219,320685641
2026-06-09,0050,102.0999984741211,103.5999984741211,101.3499984741211,103.5,89392847
2026-06-10,0050,102.5999984741211,102.94999694824219,100.19999694824219,100.25,166445287
2026-06-11,0050,100.0,100.55000305175781,97.5999984741211,99.8499984741211,248828975
2026-06-12,0050,103.25,103.75,101.55000305175781,101.94999694824219,73401960
2026-06-15,0050,105.0999984741211,105.5,104.30000305175781,105.25,95906242
2026-06-16,0050,106.05000305175781,106.05000305175781,104.8499984741211,105.9000015258789,67088029
2026-06-17,0050,105.0,106.0,104.5,106.0,75416209
2026-06-18,0050,107.0,107.44999694824219,106.6500015258789,107.30000305175781,74587200
2026-06-22,0050,109.44999694824219,111.19999694824219,109.44999694824219,111.1500015258789,110460961
2026-06-23,0050,112.0,112.30000305175781,110.05000305175781,110.0999984741211,120564830
2026-06-24,0050,108.0,108.0999984741211,106.1500015258789,107.1500015258789,208531754
2026-06-25,0050,108.0,108.05000305175781,106.3499984741211,107.19999694824219,89454929
2026-06-26,0050,105.4000015258789,105.8499984741211,102.80000305175781,103.0999984741211,251693794
2026-06-29,0050,103.3499984741211,105.3499984741211,103.30000305175781,104.44999694824219,101519378
2026-06-30,0050,106.8499984741211,108.25,106.75,107.80000305175781,103816325
2026-07-01,0050,109.80000305175781,109.94999694824219,108.5999984741211,109.3499984741211,72216950
2026-07-02,0050,107.19999694824219,108.94999694824219,106.9000015258789,108.80000305175781,67727796
2026-07-03,0050,106.1500015258789,108.80000305175781,106.0999984741211,108.3499984741211,76733905
2026-07-06,0050,109.05000305175781,109.5999984741211,107.69999694824219,108.25,70136815
2026-07-07,0050,108.55000305175781,109.05000305175781,105.8499984741211,106.19999694824219,111060971
2026-07-08,0050,106.4000015258789,106.5999984741211,105.05000305175781,106.05000305175781,86877553
2026-07-09,0050,106.3499984741211,107.0,105.44999694824219,105.80000305175781,51733962
2026-07-10,0050,105.80000305175781,105.80000305175781,105.80000305175781,105.80000305175781,0
2026-07-13,0050,107.0,107.55000305175781,105.69999694824219,106.0,65558453
2026-07-14,0050,105.5,105.5,102.25,104.4000015258789,225466504
2026-07-15,0050,105.30000305175781,106.44999694824219,104.6500015258789,106.30000305175781,106147811
2026-07-16,0050,105.3499984741211,106.75,104.55000305175781,106.4000015258789,68042614
2026-07-17,0050,102.9000015258789,103.05000305175781,100.0,100.1500015258789,443467989
2026-07-20,0050,100.19999694824219,100.5999984741211,98.30000305175781,99.19999694824219,335645366
2026-07-21,0050,100.0,102.5,99.8499984741211,102.5,91004977
2026-07-22,0050,104.5,104.80000305175781,103.30000305175781,103.8499984741211,103568792
2026-07-23,0050,104.25,104.80000305175781,102.9000015258789,103.9000015258789,51221177
2026-07-24,0050,102.55000305175781,103.05000305175781,101.30000305175781,101.69999694824219,94377095
2026-07-27,0050,101.30000305175781,101.5999984741211,100.05000305175781,101.44999694824219,100975462
2026-07-28,0050,98.3499984741211,98.3499984741211,96.9000015258789,97.1500015258789,403103877
2026-07-29,0050,96.94999694824219,97.0,91.80000305175781,93.69999694824219,481594751
2026-07-30,0050,93.4000015258789,96.0,92.0,93.5,277813661
2026-07-31,0050,100.0,102.8499984741211,99.80000305175781,102.8499984741211,335230300
2026-08-03,0050,102.0,102.69999694824219,101.0,102.0,162020882
2026-08-04,0050,100.6500015258789,102.25,99.75,100.6500015258789,114567629
2026-08-05,0050,103.75,104.75,102.9000015258789,103.80000305175781,162326921
2026-08-06,0050,103.25,103.69999694824219,102.55000305175781,103.30000305175781,75072269
2026-08-07,0050,103.80000305175781,104.0,102.05000305175781,102.8499984741211,64762811
2026-08-10,0050,103.9000015258789,104.75,103.5,104.25,77669272
2026-08-11,0050,104.05000305175781,104.8499984741211,103.4000015258789,104.5999984741211,64953565
2026-08-12,0050,105.0,105.25,104.44999694824219,105.19999694824219,58197041
2026-08-13,0050,106.55000305175781,107.0,106.1500015258789,106.69999694824219,84987116
2026-08-14,0050,107.0999984741211,107.5,106.05000305175781,106.4000015258789,77523902
2026-08-17,0050,106.4000015258789,106.94999694824219,106.0,106.44999694824219,54027248
2026-08-18,0050,106.44999694824219,106.44999694824219,104.8499984741211,104.9000015258789,58726823
2026-08-19,0050,103.05000305175781,103.8499984741211,102.69999694824219,103.0999984741211,90920782
2026-08-20,0050,104.19999694824219,104.25,102.94999694824219,103.80000305175781,40117137
2026-08-21,0050,103.80000305175781,104.80000305175781,103.19999694824219,104.6500015258789,39048145
2026-08-24,0050,104.6500015258789,104.80000305175781,103.80000305175781,103.80000305175781,40662714
2026-08-25,0050,102.9000015258789,104.4000015258789,102.4000015258789,104.4000015258789,55019407
2026-08-26,0050,104.0999984741211,106.05000305175781,103.5,105.9000015258789,84991710
2026-08-27,0050,106.5,107.0,105.9000015258789,106.05000305175781,64989695
2026-08-28,0050,107.0999984741211,107.3499984741211,106.69999694824219,106.94999694824219,74083764
2026-08-31,0050,105.5999984741211,106.25,105.0,106.25,63750315
2026-09-01,0050,106.5,108.69999694824219,106.5,108.44999694824219,105037149
2026-09-02,0050,107.5,107.8499984741211,106.6500015258789,106.80000305175781,61574987
2026-09-03,0050,106.9000015258789,107.4000015258789,106.1500015258789,106.19999694824219,45432677
2026-09-04,0050,107.69999694824219,108.0,106.8499984741211,107.9000015258789,44288868
2026-09-07,0050,109.05000305175781,110.0,108.8499984741211,109.9000015258789,102774668
2026-09-08,0050,110.0,110.75,109.55000305175781,109.6500015258789,70633942
2026-09-09,0050,109.94999694824219,110.5999984741211,109.5,109.6500015258789,43057835
2026-09-10,0050,108.5999984741211,109.1500015258789,108.4000015258789,109.1500015258789,40733536
2026-09-11,0050,107.4000015258789,108.0,106.9000015258789,107.69999694824219,90140839
2026-09-14,0050,106.30000305175781,107.1500015258789,105.8499984741211,106.9000015258789,82639330
2026-09-15,0050,106.75,106.94999694824219,106.1500015258789,106.25,55674721
2026-09-16,0050,106.1500015258789,107.4000015258789,106.1500015258789,106.9000015258789,69357559
2026-09-17,0050,107.9000015258789,109.19999694824219,107.8499984741211,108.05000305175781,47371508
2026-09-18,0050,109.5999984741211,109.94999694824219,108.8499984741211,109.8499984741211,79772537
2026-09-21,0050,109.9000015258789,111.44999694824219,109.8499984741211,111.3499984741211,114373545
2026-09-22,0050,113.3499984741211,113.75,111.8499984741211,111.8499984741211,80283889
2026-09-23,0050,112.80000305175781,113.1500015258789,112.30000305175781,112.44999694824219,55410585
2026-09-24,0050,112.0,112.44999694824219,111.75,112.4000015258789,66490792
2026-09-29,0050,111.80000305175781,112.25,111.05000305175781,111.30000305175781,101008614
2026-10-01,0050,112.19999694824219,112.9000015258789,111.69999694824219,112.9000015258789,55154167
