date,above_ma20,up_pct,limit_up,limit_down,ew_ret,mkt20,n_liquid,n_traded
2025-10-02,36.0,32.71,22,2,-0.146,-0.3,1361,1871
2025-10-03,35.56,36.89,22,3,-0.004,-0.3,1364,1873
2025-10-07,40.58,50.51,33,2,0.492,-0.31,1370,1881
2025-10-08,41.67,40.78,20,3,0.02,-0.67,1363,1876
2025-10-09,41.7,39.39,32,3,0.033,-0.42,1355,1876
2025-10-13,35.4,22.98,29,4,-0.84,-1.36,1353,1880
2025-10-14,27.47,21.79,17,9,-1.243,-1.14,1347,1877
2025-10-15,31.9,52.66,30,0,0.587,-0.96,1345,1878
2025-10-16,37.88,64.52,19,3,0.791,0.29,1349,1880
2025-10-17,37.14,33.39,22,1,-0.31,-0.58,1349,1875
2025-10-20,38.95,43.88,45,0,0.348,-0.22,1353,1871
2025-10-21,44.58,53.74,38,1,0.627,-0.4,1357,1885
2025-10-22,51.33,57.18,27,4,0.431,0.05,1354,1880
2025-10-23,46.89,30.77,17,2,-0.334,-0.57,1350,1872
2025-10-27,48.44,45.03,34,1,0.288,0.07,1350,1883
2025-10-28,42.7,23.21,15,4,-0.596,-0.56,1349,1887
2025-10-29,43.69,39.06,26,7,0.043,-0.47,1348,1887
2025-10-30,38.45,28.43,18,6,-0.511,0.64,1342,1882
2025-10-31,37.66,41.67,16,3,0.066,-0.42,1349,1884
2025-11-03,39.63,40.86,30,3,0.088,-0.19,1355,1882
2025-11-04,28.5,20.59,12,8,-1.193,-1.24,1351,1870
2025-11-05,27.19,33.96,19,3,-0.254,-1.49,1350,1861
2025-11-06,35.97,66.2,30,0,0.896,-1.09,1351,1870
2025-11-07,32.35,27.04,25,6,-0.734,-1.84,1351,1871
2025-11-10,30.52,34.66,27,6,-0.318,-2.18,1350,1864
2025-11-11,31.6,42.51,30,12,-0.048,-1.4,1345,1875
2025-11-12,39.76,66.52,31,8,0.939,0.78,1348,1882
2025-11-13,41.96,43.95,33,5,0.195,0.38,1344,1877
2025-11-14,35.33,24.88,20,5,-0.9,-1.3,1350,1881
2025-11-17,30.64,25.57,17,5,-0.806,-1.79,1351,1885
2025-11-18,19.65,11.13,6,10,-1.867,-3.96,1354,1886
2025-11-19,17.76,26.51,6,5,-0.702,-5.23,1357,1882
2025-11-20,25.26,76.77,19,5,1.337,-4.37,1354,1877
2025-11-21,17.74,13.8,7,15,-1.768,-5.75,1353,1870
2025-11-24,24.87,66.68,26,1,0.891,-5.18,1351,1870
2025-11-25,29.06,64.64,34,2,0.982,-3.67,1349,1878
2025-11-26,42.95,76.14,39,2,1.31,-2.46,1348,1886
2025-11-27,48.44,51.7,24,0,0.513,-1.45,1346,1880
2025-11-28,57.19,57.72,22,0,0.685,-0.84,1343,1878
2025-12-01,50.22,30.32,20,1,-0.393,-1.32,1340,1880
2025-12-02,53.18,47.45,26,3,0.225,0.1,1335,1880
2025-12-03,62.63,58.51,28,0,0.649,1.0,1330,1887
2025-12-04,68.45,48.91,26,1,0.35,0.46,1328,1881
2025-12-05,62.05,32.53,21,3,-0.184,1.02,1320,1878
2025-12-08,64.97,43.1,32,3,0.268,1.61,1313,1877
2025-12-09,63.23,41.46,29,3,0.148,1.81,1311,1879
2025-12-10,58.53,34.73,27,2,-0.181,0.68,1307,1880
2025-12-11,58.86,38.66,33,3,-0.055,0.43,1303,1883
2025-12-12,62.84,50.61,23,1,0.413,1.76,1297,1885
2025-12-15,64.9,47.16,38,2,0.277,2.87,1282,1881
2025-12-16,50.39,21.6,28,4,-0.767,4.02,1280,1889
2025-12-17,50.86,44.48,31,4,0.154,4.92,1282,1893
2025-12-18,45.41,32.96,12,2,-0.425,3.09,1275,1884
2025-12-19,52.68,64.79,17,1,0.774,5.76,1268,1883
2025-12-22,62.63,64.78,40,2,0.974,5.85,1271,1891
2025-12-23,59.47,35.2,26,1,0.061,4.88,1278,1892
2025-12-24,54.23,34.12,17,1,-0.044,3.48,1276,1896
2025-12-26,55.34,43.23,32,2,0.333,3.29,1274,1892
2025-12-29,58.63,47.84,39,4,0.288,2.89,1281,1898
2025-12-30,52.27,32.46,26,1,-0.083,3.21,1280,1901
2025-12-31,50.74,38.98,28,1,0.03,3.01,1285,1901
2026-01-02,53.96,49.84,49,1,0.554,2.91,1288,1914
2026-01-05,42.99,21.28,37,8,-0.965,1.56,1298,1917
2026-01-06,48.17,51.51,36,0,0.564,2.32,1308,1916
2026-01-07,56.33,55.32,51,1,0.732,2.8,1326,1916
2026-01-08,51.69,34.76,36,2,-0.448,2.18,1333,1910
2026-01-09,55.56,49.42,39,4,0.32,2.7,1330,1904
2026-01-12,62.5,59.62,68,2,1.062,3.85,1344,1907
2026-01-13,58.23,35.8,44,3,-0.126,3.29,1348,1919
2026-01-14,71.29,74.1,76,1,1.564,4.61,1362,1919
2026-01-15,72.15,47.14,44,1,0.32,5.76,1361,1922
2026-01-16,68.82,39.35,59,5,0.167,5.77,1379,1921
2026-01-19,70.11,51.61,76,1,0.809,7.08,1402,1928
2026-01-20,68.77,35.74,53,2,0.148,6.42,1412,1925
2026-01-21,59.34,22.82,39,5,-0.879,4.47,1419,1911
2026-01-22,62.66,52.88,47,1,0.6,5.03,1430,1912
2026-01-23,64.71,44.44,45,6,0.155,5.24,1434,1917
2026-01-26,69.49,53.13,64,1,0.727,5.65,1439,1916
2026-01-27,65.26,36.92,49,2,-0.137,5.2,1442,1923
2026-01-28,64.67,42.75,49,0,0.303,5.61,1455,1925
2026-01-29,55.15,24.27,22,10,-0.899,4.63,1456,1916
2026-01-30,38.07,16.99,20,5,-1.402,2.59,1458,1919
2026-02-02,25.22,16.16,19,20,-1.621,1.92,1459,1918
2026-02-03,27.49,58.17,41,2,0.754,2.11,1455,1915
2026-02-04,37.74,72.4,50,2,1.293,2.68,1452,1913
2026-02-05,32.35,30.65,30,3,-0.682,2.43,1453,1912
2026-02-06,21.31,17.01,11,21,-1.457,0.62,1455,1916
2026-02-09,25.8,52.01,38,5,0.525,0.08,1446,1913
2026-02-10,27.14,47.7,25,3,0.114,0.32,1448,1916
2026-02-11,31.17,49.97,29,7,0.271,-0.95,1450,1931
2026-02-23,45.14,73.41,89,2,1.797,0.5,1451,1933
2026-02-24,51.76,51.34,73,3,0.866,1.2,1445,1934
2026-02-25,53.98,44.95,64,3,0.404,0.8,1445,1931
2026-02-26,59.74,56.3,74,4,0.868,1.52,1443,1936
2026-03-02,56.76,32.76,76,7,-0.08,2.34,1443,1932
2026-03-03,45.33,17.95,31,17,-1.335,0.37,1445,1933
2026-03-04,23.4,6.42,11,76,-3.726,-3.52,1457,1931
2026-03-05,34.6,81.61,54,8,1.982,-2.32,1451,1925
2026-03-06,40.1,53.4,53,6,0.616,-1.58,1444,1925
2026-03-09,19.54,7.29,20,119,-3.832,-5.64,1448,1921
2026-03-10,26.78,71.99,45,13,1.323,-3.52,1445,1921
2026-03-11,43.72,81.99,110,8,2.357,0.16,1448,1927
2026-03-12,40.22,35.65,66,7,-0.067,1.74,1442,1924
2026-03-13,41.88,38.81,59,4,0.177,1.16,1447,1922
2026-03-16,45.25,49.95,77,5,0.6,0.47,1454,1926
2026-03-17,53.88,63.33,76,3,1.058,2.23,1457,1928
2026-03-18,57.46,52.56,89,0,0.831,4.6,1462,1931
2026-03-19,47.57,24.26,64,4,-0.531,3.5,1461,1929
2026-03-20,48.29,40.73,58,12,-0.02,3.36,1460,1920
2026-03-23,35.25,15.42,25,46,-1.928,1.1,1464,1919
2026-03-24,34.22,38.5,21,21,-0.398,-1.08,1464,1922
2026-03-25,43.93,76.9,75,4,1.69,-0.27,1466,1922
2026-03-26,41.79,32.92,40,12,-0.474,-1.15,1462,1923
2026-03-27,43.31,40.52,46,4,0.175,-1.82,1457,1905
2026-03-30,37.41,22.47,48,6,-0.923,-2.65,1454,1905
2026-03-31,25.33,12.85,12,46,-2.157,-3.46,1453,1915
2026-04-01,38.19,84.05,71,4,1.985,2.26,1440,1925
2026-04-02,31.75,22.31,30,15,-0.879,-0.61,1433,1923
2026-04-07,35.94,46.95,57,9,0.405,-0.82,1433,1915
2026-04-08,50.11,77.7,114,13,2.117,5.32,1425,1928
2026-04-09,47.99,38.68,67,11,0.095,4.04,1415,1926
2026-04-10,51.91,50.0,78,3,0.628,2.29,1412,1926
2026-04-13,55.83,52.49,118,4,1.019,3.4,1415,1924
2026-04-14,61.79,54.84,60,9,0.684,3.92,1421,1933
2026-04-15,64.04,51.37,70,0,0.577,3.9,1424,1935
2026-04-16,70.82,60.75,74,1,0.915,3.75,1429,1934
2026-04-17,70.29,46.98,96,1,0.706,3.62,1427,1937
2026-04-20,68.95,44.09,129,2,0.633,4.83,1433,1939
2026-04-21,72.25,51.16,101,2,0.882,5.78,1438,1945
2026-04-22,72.78,48.66,105,1,0.793,8.71,1444,1942
2026-04-23,56.72,13.59,33,54,-2.325,6.61,1458,1942
2026-04-24,52.64,30.41,45,17,-0.488,4.33,1459,1937
2026-04-27,46.73,24.92,41,28,-0.987,3.79,1466,1926
2026-04-28,51.06,57.84,76,6,0.93,4.57,1463,1919
2026-04-29,54.07,46.2,54,2,0.289,5.85,1461,1922
2026-04-30,48.22,33.13,50,4,-0.128,8.05,1464,1932
2026-05-04,52.52,52.14,99,1,1.044,7.05,1466,1939
2026-05-05,57.14,59.14,97,5,1.182,9.28,1470,1941
2026-05-06,53.55,37.76,46,14,-0.252,8.56,1477,1941
2026-05-07,56.8,53.34,94,4,0.823,7.19,1486,1946
2026-05-08,51.77,35.1,46,19,-0.477,6.57,1499,1943
2026-05-11,53.05,49.36,105,8,0.803,6.76,1508,1943
2026-05-12,50.13,32.62,76,1,-0.014,5.67,1506,1950
2026-05-13,45.45,30.49,57,15,-0.549,4.37,1505,1935
2026-05-14,44.74,34.78,68,14,-0.134,3.64,1522,1935
2026-05-15,38.82,24.36,48,33,-1.036,1.63,1525,1946
2026-05-18,40.38,43.82,61,11,0.287,1.21,1533,1942
2026-05-19,37.33,34.87,39,27,-0.613,-0.04,1519,1936
2026-05-20,38.92,43.34,59,11,0.182,-0.74,1521,1929
2026-05-21,51.39,77.3,109,4,2.048,0.5,1514,1934
2026-05-22,58.57,59.93,118,3,1.578,4.51,1506,1949
2026-05-25,61.03,48.59,131,4,1.044,6.12,1519,1955
2026-05-26,60.07,39.21,87,6,0.183,7.38,1520,1951
2026-05-27,55.05,30.07,51,14,-0.512,5.84,1526,1949
2026-05-28,50.03,36.0,66,10,-0.392,5.12,1531,1953
2026-05-29,59.22,70.11,89,3,1.489,6.83,1545,1957
2026-06-01,71.36,63.6,127,4,1.416,7.22,1557,1956
2026-06-02,70.1,43.98,87,9,0.126,6.1,1562,1953
2026-06-03,79.04,65.98,109,3,1.42,7.88,1570,1955
2026-06-04,75.65,42.47,76,11,-0.196,6.79,1569,1952
2026-06-05,70.75,33.98,53,22,-0.644,6.61,1569,1945
2026-06-08,49.08,9.72,33,93,-3.082,2.5,1569,1944
2026-06-09,57.72,69.8,112,5,1.717,4.27,1568,1944
2026-06-10,47.9,23.78,35,46,-1.814,2.95,1574,1943
2026-06-11,45.43,39.25,46,13,-0.17,2.91,1574,1949
2026-06-12,53.31,72.84,72,6,1.338,5.38,1570,1948
2026-06-15,59.41,64.32,109,9,1.415,6.56,1572,1948
2026-06-16,50.38,28.62,52,10,-0.561,6.62,1576,1950
2026-06-17,54.71,57.99,70,3,0.943,7.43,1572,1947
2026-06-18,56.97,56.41,102,5,1.099,6.43,1571,1941
2026-06-22,60.74,49.82,122,4,0.894,5.71,1574,1949
2026-06-23,50.48,21.74,43,13,-1.313,3.25,1567,1950
2026-06-24,50.22,45.58,53,7,0.313,3.38,1563,1946
2026-06-25,46.68,35.29,41,5,-0.36,3.54,1553,1944
2026-06-26,28.66,8.08,18,61,-2.775,1.06,1549,1942
2026-06-29,33.12,56.77,38,13,0.448,0.02,1546,1943
2026-06-30,42.6,70.91,103,6,1.729,0.33,1533,1939
2026-07-01,42.39,38.25,69,4,-0.034,0.17,1524,1945
2026-07-02,50.53,60.62,88,5,1.045,-0.2,1510,1940
2026-07-03,66.67,73.55,96,4,1.555,1.55,1512,1947
2026-07-06,67.07,48.03,61,12,0.221,2.44,1506,1955
2026-07-07,44.93,13.38,15,61,-2.529,3.02,1500,1951
2026-07-08,43.47,37.6,33,6,-0.111,1.17,1493,1947
2026-07-09,40.69,37.8,43,14,-0.234,2.8,1487,1942
2026-07-13,33.72,28.82,46,42,-1.021,1.92,1480,1943
2026-07-14,25.61,18.02,22,14,-1.665,-1.1,1484,1942
2026-07-15,35.74,78.63,55,0,1.626,-0.89,1480,1942
2026-07-16,33.2,32.18,29,12,-0.676,-1.01,1479,1939
2026-07-17,18.51,7.47,10,160,-3.953,-5.81,1480,1942
2026-07-20,18.45,32.07,19,41,-1.101,-7.86,1480,1946
2026-07-21,24.86,79.54,74,8,1.82,-7.01,1472,1940
2026-07-22,25.32,54.74,56,5,0.804,-5.02,1465,1940
2026-07-23,22.76,33.37,18,11,-0.484,-5.77,1463,1936
2026-07-24,21.18,28.66,15,23,-1.125,-6.49,1459,1926
2026-07-27,21.1,40.01,21,14,-0.222,-4.04,1455,1922
2026-07-28,12.01,7.39,4,125,-3.479,-7.79,1457,1922
2026-07-29,11.06,17.29,11,119,-2.633,-11.74,1465,1937
2026-07-30,8.61,23.37,5,53,-1.78,-13.28,1463,1934
2026-07-31,13.32,84.84,216,1,3.594,-11.1,1456,1939
2026-08-03,17.27,62.4,110,1,1.561,-11.09,1442,1936
2026-08-04,22.12,60.15,79,4,1.287,-10.15,1433,1922
2026-08-05,33.71,64.77,80,2,1.345,-6.58,1424,1930
2026-08-06,39.24,49.87,48,4,0.494,-6.01,1422,1933
2026-08-07,42.39,42.82,29,10,-0.236,-6.01,1420,1929
2026-08-10,57.47,68.29,76,5,1.536,-3.58,1413,1936
2026-08-11,56.99,36.54,28,14,-0.248,-2.19,1402,1946
2026-08-12,63.83,56.82,55,3,0.822,-2.97,1396,1943
2026-08-13,66.12,40.53,44,4,0.166,-2.15,1396,1944
2026-08-14,60.17,28.55,29,7,-0.59,1.28,1391,1944
2026-08-17,60.36,46.5,32,6,0.2,2.61,1380,1944
2026-08-18,52.13,21.64,16,4,-1.087,-0.32,1383,1936
2026-08-19,51.85,36.31,17,3,-0.188,-1.3,1379,1925
2026-08-20,60.45,65.26,28,3,0.723,-0.1,1378,1926
2026-08-21,64.22,51.55,28,2,0.292,1.33,1375,1940
2026-08-24,60.33,31.64,20,8,-0.369,1.18,1374,1934
2026-08-25,56.96,40.5,31,3,0.184,5.02,1364,1921
2026-08-26,68.73,71.99,69,3,1.369,9.34,1340,1935
2026-08-27,66.64,48.04,52,4,0.496,11.87,1331,1940
2026-08-28,62.8,36.41,36,9,0.023,8.02,1328,1942
2026-08-31,52.34,31.02,24,13,-0.463,5.86,1326,1931
2026-09-01,55.66,53.56,37,4,0.584,5.13,1326,1923
2026-09-02,52.39,35.6,24,2,-0.185,3.54,1317,1924
2026-09-03,38.17,18.78,11,11,-1.425,1.57,1315,1922
2026-09-04,46.81,65.94,39,4,1.048,2.87,1316,1926
2026-09-07,44.61,37.62,32,6,-0.048,1.27,1309,1938
2026-09-08,35.99,26.48,19,11,-0.713,0.8,1306,1945
2026-09-09,42.3,51.53,23,1,0.457,0.43,1305,1933
2026-09-10,36.63,25.73,22,2,-0.544,-0.28,1294,1928
2026-09-11,29.16,21.67,17,11,-1.039,-0.73,1293,1924
2026-09-14,27.01,34.36,25,10,-0.214,-1.14,1292,1924
2026-09-15,20.93,22.6,23,5,-0.718,-0.77,1290,1929
2026-09-16,29.99,67.63,45,1,1.222,0.63,1287,1931
2026-09-17,39.27,63.77,42,2,0.735,0.64,1286,1932
2026-09-18,52.06,67.68,68,0,1.343,1.69,1289,1937
2026-09-21,56.18,47.39,67,1,0.47,2.55,1294,1937
2026-09-22,51.35,30.76,29,7,-0.266,2.09,1299,1941
2026-09-23,51.08,37.58,31,6,-0.005,0.71,1302,1937
2026-09-24,51.96,39.77,23,3,0.169,0.38,1301,1931
2026-09-29,51.8,39.37,45,3,0.215,0.57,1303,1933
2026-09-30,62.35,68.9,58,1,1.065,2.11,1304,1942
2026-10-01,63.19,38.69,50,5,0.159,1.68,1304,1941
