date,code,market,kind,cash_div,stock_ratio
2026-09-22,8042,TPEX,權,0.0,0.0
2026-09-23,00836B,TPEX,息,0.382,0.0
2026-09-23,00856B,TPEX,息,0.335,0.0
2026-09-23,00857B,TPEX,息,0.255,0.0
2026-09-23,00958B,TPEX,息,0.041,0.0
2026-09-23,00990B,TPEX,息,0.08,0.0
2026-09-23,1595,TPEX,息,0.46744739,0.0
2026-09-23,4109,TPEX,息,0.2,0.0
2026-09-29,2109,TWSE,息,0.5,
2026-09-29,7631,TWSE,息,0.8,
2026-09-30,01004T,TWSE,息,0.221074,
2026-09-30,8440,TPEX,息,0.35,0.0
2026-10-01,1784,TPEX,息,0.880964,0.0
2026-10-01,2323,TWSE,息,0.2,
2026-10-01,6523,TPEX,息,2.0,0.0
2026-10-01,9927,TWSE,息,5.0,
2026-10-02,6171,TPEX,息,2.0,0.0
2026-10-02,6834,TWSE,權,0.0,
2026-10-05,00406A,TWSE,息,,
2026-10-05,00939,TWSE,息,,
2026-10-05,00950B,TPEX,息,,0.0
2026-10-05,00959B,TPEX,息,,0.0
2026-10-05,00966B,TPEX,息,,0.0
2026-10-05,00983B,TPEX,息,,0.0
2026-10-05,00984B,TPEX,息,,0.0
2026-10-05,00984D,TWSE,息,,
2026-10-05,00986B,TPEX,息,,0.0
2026-10-05,020035,TPEX,息,0.348,0.0
2026-10-05,5512,TPEX,息,0.1,0.0
2026-10-06,2614,TWSE,權息,0.4,0.08
2026-10-06,8021,TWSE,權,0.0,
2026-10-07,00940,TWSE,息,,
2026-10-07,00946,TWSE,息,,
2026-10-07,00953B,TWSE,息,,
2026-10-07,00985B,TWSE,息,,
2026-10-07,2890,TWSE,權,0.0,
2026-10-07,2947,TPEX,息,1.0,0.0
2026-10-07,6108,TWSE,息,1.0,
2026-10-07,6129,TPEX,權,0.0,0.0
2026-10-07,6947,TWSE,息,0.533326,
2026-10-08,00400A,TWSE,息,,
2026-10-12,1449,TWSE,權,0.0,0.00999999
2026-10-12,1565,TPEX,息,5.8,0.0
2026-10-13,1727,TWSE,權,0.0,
2026-10-13,2938,TPEX,息,0.61725044,0.0
2026-10-14,4903,TPEX,息,0.3,0.0
2026-10-15,00401A,TWSE,息,,
2026-10-15,1463,TWSE,息,0.1273,
2026-10-15,6548,TPEX,息,0.45105516,0.0
2026-10-16,00904,TWSE,息,,
2026-10-16,00936,TWSE,息,,
2026-10-16,00947,TWSE,息,,
2026-10-16,00962,TWSE,息,,
2026-10-19,00922,TWSE,息,,
2026-10-19,00927,TWSE,息,,
2026-10-19,00943,TWSE,息,,
2026-10-19,00944,TWSE,息,,
2026-10-19,00985A,TWSE,息,,
2026-10-19,00992A,TWSE,息,,
2026-10-19,00996A,TWSE,息,,
2026-10-22,8102,TPEX,息,0.9,0.0
2026-10-22,8936,TPEX,息,3.0,0.0
2026-10-28,4552,TWSE,息,0.6,
2026-11-05,5523,TPEX,息,0.5,0.0
