code,foreign,trust,inst_total
3481,99099.103,0.0,106280.163
00403A,25012.98,0.0,73833.685
2409,67780.477,150.0,70921.261
6770,58591.449,28.0,61796.562
1101,52829.071,4828.0,58607.362
2002,54063.9,-69.0,54351.203
1314,41405.059,0.0,42443.939
2344,37711.465,-37.0,39024.227
00631L,19129.575,0.0,30791.78
1301,29049.174,486.0,30581.59
00981A,24314.571,0.0,28508.024
00685L,1346.4,0.0,27468.701
00409A,10773.0,0.0,26557.27
009828,23868.349,0.0,25777.346
00673R,260.0,0.0,23423.839
1605,19092.89,3342.0,23335.582
8150,21838.869,0.0,22902.655
00991A,16038.61,-100.0,20821.231
00407A,3547.0,0.0,14990.783
6116,13194.494,0.0,14983.017
2618,12172.811,1099.421,13864.499
3576,12758.273,0.0,12910.262
2408,11753.186,162.0,12522.408
009820,2055.0,0.0,10851.82
2337,10510.509,-35.0,10766.969
00405A,-924.0,0.0,10689.207
1718,9595.285,-17.0,9804.467
00992A,3929.55,0.0,9705.46
1303,2373.998,6195.0,9701.993
6505,3074.327,6162.0,9525.355
2610,5077.013,4247.0,9516.311
00988A,954.024,0.0,9514.024
1326,8738.834,0.0,9507.44
00402A,-59.0,0.0,9024.14
1312,8891.378,0.0,8749.668
2323,8058.383,0.1,8268.483
00965,3276.0,0.0,8091.913
2371,6699.133,-24.0,7596.858
00929,5282.404,0.0,7551.516
1709,6970.567,0.0,6991.166
2609,6595.103,44.0,6814.161
00982A,4768.125,0.0,5939.172
1802,5642.798,-101.0,5851.33
00990A,432.0,0.0,5848.061
2892,1060.758,4389.0,5555.953
6456,5754.197,0.0,5474.553
00896,1404.0,0.0,4831.183
2887,1851.421,2204.0,4775.338
4763,4392.582,10.0,4703.842
00940,-118.0,0.0,4654.339
1714,4552.821,-16.0,4650.927
2317,4632.457,-236.0,4618.642
00664R,0.0,0.0,4532.857
2354,4190.775,0.0,4325.999
1409,4112.748,-1.0,3958.702
1310,3896.352,0.0,3877.352
2014,3833.699,0.0,3839.699
6257,3351.064,70.0,3381.602
00900,1304.0,0.0,3219.327
2412,2852.275,-15.0,2901.275
2105,2491.642,82.047,2734.876
1102,2459.195,74.479,2715.512
2324,1966.891,0.0,2689.486
2104,2681.161,0.0,2685.161
3711,2964.594,-401.0,2673.755
00404A,801.0,0.0,2519.134
009824,3.0,0.0,2482.063
1402,1155.988,1084.0,2454.049
2369,2437.221,0.0,2453.505
2303,-591.631,4213.0,2450.372
2340,1556.687,0.0,2388.86
2312,2228.936,0.0,2376.153
6239,1847.863,5.0,2230.673
3049,2166.944,0.1,2192.894
2890,-117.911,1601.0,2156.054
1304,2044.398,0.0,2052.342
00830,1772.497,0.0,2048.76
2353,1724.075,92.0,2034.027
6120,1975.5,0.0,2013.776
00994A,356.07,0.0,1978.527
00999A,-131.0,0.0,1961.552
00882,1.189,0.0,1943.896
3714,1796.272,0.0,1890.508
2330,702.594,761.722,1864.215
9945,1872.873,8.0,1855.991
00708L,809.0,0.0,1849.661
2615,1594.141,0.0,1805.701
00947,-201.538,0.0,1777.223
009800,-14.0,0.0,1761.615
2367,1578.636,0.0,1723.802
2352,1683.906,-22.0,1703.953
2329,1721.893,0.0,1703.017
009802,137.297,0.0,1698.747
2332,1606.144,0.0,1692.599
2880,764.456,84.0,1692.121
3311,1641.484,0.0,1666.597
00951,-162.0,0.0,1606.454
00987A,498.0,0.0,1588.957
2103,1673.259,0.0,1572.859
00984A,200.0,0.0,1530.998
3045,1445.39,-320.998,1528.265
00993A,865.0,0.0,1519.14
3189,851.717,610.0,1512.779
8046,923.972,427.0,1476.827
1608,1456.835,-4.938,1456.962
6005,1452.291,0.0,1452.291
1710,1479.443,0.0,1451.779
2634,1239.851,-10.0,1431.007
2485,1366.893,0.054,1385.532
8422,1355.0,0.0,1361.0
009819,1900.0,0.0,1340.128
5876,-24.621,1099.0,1334.249
1444,1544.73,-14.0,1320.73
009805,1254.0,0.0,1319.738
00881,152.66,0.0,1284.387
00688L,-354.0,0.0,1278.969
4906,756.223,0.0,1270.834
6278,1510.92,-69.0,1256.753
3034,1302.711,-132.407,1256.552
2451,1181.862,5.7,1209.324
1810,1191.672,0.0,1193.672
1513,1123.276,6.0,1177.453
1313,1159.419,0.0,1162.419
1305,1199.42,0.0,1161.852
4927,1146.105,0.0,1149.105
00897,1324.0,0.0,1142.315
00927,1571.63,0.0,1131.44
2404,-95.009,1162.0,1127.967
6196,1107.201,0.0,1127.805
2025,1070.447,0.0,1073.602
6691,956.886,57.0,1064.248
4904,808.308,-4.0,1054.092
2010,1049.267,0.0,1051.267
00954,-28.0,0.0,1044.587
2388,1020.973,30.0,1032.019
6269,1016.779,0.0,1008.587
2009,965.898,0.0,1001.884
1905,963.568,0.0,979.678
6949,1153.455,0.0,975.217
2308,264.988,502.3,965.374
6962,922.991,30.0,952.548
2466,926.03,-2.0,939.574
2401,935.273,30.0,909.704
4142,903.304,0.0,907.304
0052,-3289.323,0.0,904.036
1309,910.294,0.0,901.761
1609,809.231,0.0,891.669
1617,891.568,0.0,887.874
2515,905.804,0.0,887.804
8131,859.142,0.0,884.297
00663L,187.0,0.0,876.225
1229,837.253,0.0,875.136
2313,429.974,595.0,873.137
00669R,0.0,0.0,845.0
2527,824.375,0.0,825.412
00997A,653.0,0.0,818.961
6139,773.168,-23.0,814.242
00996A,-97.0,0.0,804.441
2464,729.06,0.0,796.563
00946,20.0,0.0,781.555
4989,793.714,0.0,778.867
00898,639.0,0.0,774.642
3605,1206.45,0.0,767.421
2603,312.932,360.676,761.774
1308,779.241,0.0,755.241
1440,747.029,0.0,755.029
4526,739.0,0.0,752.646
1717,-15.659,650.0,747.503
00692,-40.957,0.0,744.316
3518,719.0,0.0,743.836
2406,735.409,-5.9,740.4
1708,688.384,-3.0,728.706
6672,555.228,-1.0,725.431
00980A,4163.05,-14159.0,719.403
3037,595.77,308.4,714.299
1316,711.836,0.0,711.836
2637,678.99,-0.28,693.898
2457,640.544,0.0,689.544
2328,697.297,0.0,686.301
2363,632.551,30.0,682.196
009827,3.0,0.0,681.0
00932,0.0,0.0,679.168
2393,687.457,12.149,677.481
1612,653.975,-4.56,660.515
8926,344.52,241.0,654.548
6153,504.488,0.0,650.488
1434,615.148,0.0,641.148
00637L,490.0,0.0,628.418
00408A,-22.0,0.0,611.167
006208,-108.648,-73.0,609.932
2374,599.049,0.0,599.879
2614,606.614,0.0,598.614
3543,594.817,0.0,594.816
4540,593.747,0.0,593.747
5608,596.361,0.0,589.361
3591,585.273,0.0,584.273
2402,471.644,0.0,566.79
00949,100.65,0.0,563.784
00985A,-30.95,0.0,553.878
6589,535.142,0.0,537.142
8033,507.446,-3.0,525.842
1476,334.887,182.0,520.654
2258,500.183,0.0,500.183
6152,496.42,0.0,497.42
2031,483.081,-3.897,495.354
2331,489.0,0.0,493.0
2241,489.076,0.0,489.076
4746,485.79,0.0,485.79
2023,493.198,0.0,482.198
6285,430.625,-4.0,478.426
3665,-647.888,1118.2,478.153
1504,515.347,-7.0,476.937
2889,569.439,0.0,474.439
4912,474.172,0.019,474.191
4919,152.5,30.0,470.828
3033,572.3,-4.686,470.193
009813,29.0,0.0,469.999
6438,440.109,0.016,467.047
2426,551.389,0.0,457.853
4967,456.104,-3.0,451.091
2017,445.63,0.0,447.63
6742,444.568,0.0,444.042
1455,440.843,0.0,440.843
00915,35.0,0.0,438.241
2913,434.0,0.0,437.0
3062,423.091,0.0,436.091
6168,424.08,0.1,425.905
1904,409.253,0.0,425.253
00913,48.0,0.0,425.246
1773,368.494,0.0,415.962
00936,250.0,0.0,414.828
00924,0.1,0.0,413.597
2338,470.01,0.0,411.928
00693U,0.0,0.0,411.515
2419,411.187,0.079,409.266
00941,296.0,0.0,396.203
2316,381.046,-2.0,393.801
3041,381.676,0.0,380.676
00911,-6.035,0.0,380.407
3051,367.0,0.0,378.0
00939,-80.9,0.0,377.688
00952,43.0,0.0,377.482
2427,376.976,0.0,376.976
6108,364.23,0.0,374.23
2379,257.578,188.0,369.825
2478,380.951,-2.0,367.868
00675L,4.0,0.0,351.732
00410A,-325.0,0.0,350.985
3563,333.773,0.0,347.646
00930,41.0,0.0,346.42
2905,337.784,0.0,345.784
8070,338.387,-3.37,343.593
1611,340.535,0.0,343.535
6191,362.566,-27.0,338.006
00983A,558.378,0.0,337.688
4934,312.0,0.0,332.0
00916,-3.0,0.0,331.513
1529,334.265,0.0,328.265
8104,327.047,0.0,327.047
3535,297.719,0.013,325.92
2883B,449.0,0.0,325.0
00923,476.015,0.0,324.412
5521,314.363,0.0,317.363
3042,82.562,477.0,315.193
00706L,3.0,0.0,311.93
7780,311.521,0.0,311.513
3047,325.452,0.0,311.452
6176,311.721,0.0,311.05
00893,1.0,0.0,308.238
3312,305.404,0.065,307.009
3059,294.624,0.0,306.966
00733,154.069,0.0,306.32
2855,291.645,11.915,303.56
2633,-64.61,357.0,303.39
00904,-240.03,0.0,298.633
8215,274.531,-12.0,298.048
1503,280.147,4.0,289.533
009817,160.0,0.0,288.107
1218,284.0,0.0,286.0
3023,275.452,-2.0,284.813
2455,249.306,0.0,283.88
2349,283.683,0.0,283.683
2392,223.8,0.0,276.235
1216,-12.538,-12.0,276.024
2801,-1032.141,1304.0,275.868
00892,-359.947,0.0,275.425
4564,262.976,0.0,273.976
1722,287.835,-1.0,272.139
4916,235.328,0.035,268.777
00945B,328.196,0.0,264.759
3017,84.25,184.0,261.159
2405,261.015,0.043,261.058
2342,338.05,0.0,257.89
009804,2.02,0.0,251.702
2645,234.752,0.0,250.188
3029,231.708,-1.66,249.884
2915,236.62,0.0,249.62
9907,323.346,-8.905,249.441
3645,216.003,0.016,248.849
2606,216.969,3.0,245.259
6541,245.06,0.0,245.06
4968,211.52,30.0,243.575
3015,253.348,-9.0,241.348
2365,240.0,0.037,240.037
00730,46.0,0.0,239.177
009812,-200.0,0.0,237.588
6743,238.704,0.0,236.704
2547,131.0,0.0,231.0
2543,227.695,0.0,228.695
6491,235.306,0.0,228.547
1515,228.0,-3.0,228.0
2491,229.0,-1.0,226.0
2302,199.53,-1.961,224.482
1307,226.419,-5.0,223.419
2483,217.0,0.0,222.001
2375,221.287,-1.0,221.169
4958,655.872,-253.0,219.524
2034,-52.567,0.0,218.338
6861,171.0,0.0,217.447
2101,201.008,0.0,217.008
6165,217.0,0.0,216.0
6197,194.304,0.0,215.434
1907,230.831,0.0,214.831
009801,3.0,0.0,214.366
6142,212.0,0.0,213.0
6789,142.973,1.0,212.721
2355,199.0,0.0,211.014
6164,209.0,0.0,209.0
4977,221.082,0.0,204.131
2385,172.162,-18.586,201.763
8213,200.0,0.0,200.078
2033,197.118,0.0,199.136
00905,33.0,0.0,198.745
00648R,0.0,0.0,198.0
2912,186.912,1.0,197.912
1514,197.497,0.0,197.075
6112,224.219,0.011,196.892
1319,193.9,-2.05,195.37
00894,52.0,0.0,193.509
6869,189.136,0.0,190.232
009818,0.0,0.0,189.129
4566,149.291,0.0,188.035
4976,186.031,0.0,187.031
00876,-1.06,0.0,186.421
6757,182.0,0.0,185.547
3050,183.94,0.0,184.94
3346,187.8,0.0,184.8
1909,218.213,0.0,183.213
4960,119.84,0.0,183.043
0055,82.116,0.0,182.901
1560,173.223,-2.0,181.372
9939,179.704,-1.448,177.942
6189,177.727,-3.435,176.165
2611,174.106,0.0,174.106
3706,226.693,-4.0,173.099
00636,-7.0,0.0,171.295
00671R,0.0,0.0,170.995
9958,197.073,0.0,170.073
2441,171.292,-1.0,169.543
6695,166.746,0.0,166.746
3044,322.697,-193.0,162.604
3694,159.145,0.022,159.166
8021,148.105,-3.0,158.625
2612,155.41,0.0,153.077
1603,165.0,0.0,152.0
2539,139.878,0.0,148.836
3715,81.734,0.0,142.161
6937,154.456,0.0,141.149
00989A,453.0,0.0,141.055
3019,151.893,0.0,140.006
00986A,23.0,0.0,138.407
8103,81.015,0.015,137.99
00895,5.0,0.0,137.046
2028,141.0,0.0,137.0
6235,137.008,0.028,136.269
2429,134.744,0.0,134.744
3011,133.0,0.0,133.0
00921,0.0,0.0,126.322
1789,127.563,0.0,125.563
1618,123.199,0.0,124.615
3058,124.0,0.0,124.0
2015,123.493,0.0,123.493
2440,123.0,0.0,123.0
2630,111.177,0.0,122.713
2417,121.001,0.021,121.022
8011,116.0,0.0,120.0
1460,118.214,0.0,118.214
2540,110.119,0.0,118.119
1522,115.788,0.0,117.714
2032,103.165,0.0,117.138
2254,114.0,0.0,117.0
00861,-0.711,0.0,115.572
1340,115.0,0.0,115.0
009811,99.0,0.0,114.581
8249,113.0,0.023,114.023
3443,198.303,-76.2,113.023
9103,113.0,0.0,112.585
00935,-6.232,590.0,111.414
3048,113.065,0.0,111.055
8473,114.81,0.0,110.81
2493,101.002,-2.0,110.343
6579,93.059,0.0,110.059
5243,103.152,0.02,109.828
6782,106.619,0.0,108.393
2607,104.967,0.0,107.967
2347,-76.501,129.34,107.91
3003,106.116,0.0,106.116
6885,106.0,0.0,106.0
2636,58.115,0.0,104.115
4104,74.892,0.0,103.892
2357,44.815,10.922,102.677
00850,166.953,-342.0,102.541
3027,103.0,0.0,102.0
6525,106.21,-2.887,100.323
2534,98.0,0.0,100.0
1786,98.004,0.0,99.004
1459,104.0,0.0,99.0
3052,99.0,0.0,99.0
1702,99.727,0.0,98.727
2029,97.57,0.0,98.57
6472,102.574,0.0,98.041
3092,97.0,0.0,97.138
8039,-555.279,-17.0,96.737
1524,96.09,0.0,96.09
3305,79.72,0.022,95.797
1721,95.713,0.0,95.713
1325,95.074,0.0,95.074
2460,92.814,0.0,94.814
1582,90.199,0.0,93.113
2753,94.7,-0.925,91.775
00661,-7.0,0.0,91.633
00640L,1.0,0.0,91.188
2545,95.0,0.0,90.0
3661,79.407,-1.0,89.774
1447,99.562,-10.0,89.562
00901,90.0,0.0,89.071
009810,0.0,0.0,87.133
9946,89.0,-3.0,86.0
006205,33.0,0.0,86.0
6799,85.474,0.0,85.474
9925,94.0,0.0,82.937
6215,83.115,0.007,82.781
4562,82.0,0.0,82.0
6409,81.123,-4.0,81.725
00944,-4.0,0.0,81.542
1337,81.0,0.0,81.0
1449,80.755,0.0,80.755
2420,83.57,0.013,79.548
3704,74.388,0.0,78.705
2613,83.61,0.0,78.61
4306,54.363,0.0,78.363
00762,2.0,0.0,77.64
8476,77.9,-2.0,75.9
2425,76.08,-2.0,75.08
6136,73.0,0.0,74.0
00995A,437.1,0.0,73.566
3701,107.0,0.0,73.097
1219,71.026,0.0,73.026
02001L,0.0,0.0,73.0
00908,75.0,0.0,72.691
3030,75.742,0.0,72.44
7822,19.905,45.0,72.028
1108,72.0,0.0,72.0
2495,81.898,0.04,71.938
6550,103.828,0.0,71.828
1532,72.02,0.0,71.02
8404,69.0,0.0,71.0
6573,75.0,0.0,71.0
3338,56.996,0.011,70.007
6451,56.812,0.0,68.714
5222,66.802,0.017,68.682
2231,74.12,0.0,67.966
6805,315.228,-230.0,67.877
00752,-33.0,0.0,67.841
00757,11.0,0.0,67.828
1616,66.557,0.0,66.557
2497,66.295,0.0,66.288
00670L,-3.0,0.0,66.238
00920,24.0,0.0,65.516
5519,64.262,0.0,65.262
2530,111.09,-3.0,65.09
2482,64.0,0.0,64.0
4755,62.744,0.0,63.744
6558,62.0,0.0,62.0
8222,61.0,0.0,62.0
9919,61.0,0.0,62.0
2727,59.982,0.0,61.982
2923,92.0,0.0,61.0
2007,61.0,0.0,61.0
6854,61.0,0.0,60.112
1471,60.0,0.0,60.0
7812,24.0,0.0,59.0
4414,51.0,0.0,59.0
00902,87.0,0.0,58.716
8454,56.258,0.0,57.569
3617,52.161,0.0,57.161
2390,64.0,0.0,57.0
5538,57.0,0.0,57.0
00739,-1.0,0.0,56.361
3024,55.0,0.0,55.0
8163,66.491,0.0,54.902
3257,54.67,0.0,54.67
6944,52.144,0.0,54.013
6243,53.878,0.0,53.878
00971,-2.0,0.0,53.709
009808,5.0,0.0,52.881
5292,36.558,0.0,52.725
6689,52.446,0.0,52.446
1536,46.0,0.0,52.376
2723,49.0,0.0,52.0
3038,50.0,0.0,52.0
7799,33.132,0.0,51.62
5236,22.474,30.007,51.481
1806,47.0,0.0,49.0
6283,48.0,0.0,48.0
2849,58.0,0.0,48.0
1587,48.0,0.0,48.0
1598,46.753,0.0,47.753
2207,36.745,6.0,47.36
8438,47.271,0.0,47.271
1533,47.0,0.0,47.0
7788,25.412,0.0,46.978
3054,46.0,0.0,46.0
6909,45.0,0.0,45.0
00926,0.15,0.0,44.15
2109,44.0,0.0,44.0
3622,46.146,0.01,43.281
7740,42.375,0.0,43.068
3135,47.38,0.0,42.427
00645,0.0,0.0,42.359
1103,39.0,0.0,42.0
00678,-13.0,0.0,41.827
00770,8.958,0.0,41.434
8429,41.0,0.0,41.0
1903,41.0,0.0,41.0
2442,41.0,0.0,41.0
4164,58.959,0.0,40.959
6585,40.77,0.0,40.77
7827,42.713,0.0,40.713
6947,39.0,0.0,39.0
1442,95.0,0.0,39.0
9935,38.99,0.0,38.99
6873,37.125,0.0,38.125
00634R,-8.0,0.0,38.0
4169,37.49,0.0,37.49
5225,37.482,0.0,37.482
3607,37.0,0.0,37.0
3716,30.585,0.0,36.585
8374,51.05,0.0,36.301
7749,7.511,30.0,36.239
1713,34.18,0.0,36.18
4736,32.176,0.0,36.176
5258,36.0,0.0,36.0
6225,36.0,0.0,36.0
2236,34.698,0.0,35.698
2597,32.979,0.0,35.387
7689,35.061,0.008,35.069
00903,0.0,0.0,35.049
9924,34.0,0.0,35.0
2243,35.97,-1.0,34.97
3530,34.86,0.0,34.86
00972,-1.0,0.0,34.781
4545,43.0,0.0,34.518
4771,33.563,0.0,34.463
0051,-0.142,0.0,34.119
5484,35.0,0.0,34.0
6657,33.951,0.0,33.951
3060,28.187,-3.0,33.472
00956,65.0,0.0,32.494
8478,30.992,0.0,31.887
4949,31.428,0.012,31.44
4119,30.0,0.0,31.0
3308,32.0,0.0,31.0
6958,31.0,0.0,31.0
2421,46.757,-10.0,30.738
00700,-1.0,0.0,30.693
6412,25.927,0.0,30.501
3515,32.0,0.0,30.0
2458,-80.904,101.805,29.796
8201,19.0,0.0,29.774
3296,23.149,0.0,29.149
2701,29.0,0.0,29.0
6552,29.0,0.0,29.0
00683L,5.0,0.0,29.0
1338,32.989,0.0,28.989
3528,23.539,0.008,28.547
3686,22.0,0.0,28.281
2705,28.0,0.0,28.0
006206,1.0,0.0,27.99
9930,26.17,0.0,27.837
2453,26.35,0.008,27.358
2012,27.0,0.0,27.0
7803,27.0,0.0,27.0
2903,-692.29,618.0,26.71
2022,26.683,0.0,26.683
5607,20.491,0.0,26.491
1760,26.412,0.0,26.412
2471,29.251,0.0,26.251
1457,26.0,0.0,26.0
4590,26.0,0.0,26.0
9955,26.0,0.0,26.0
3652,27.0,0.0,26.0
2038,26.441,0.0,25.441
2468,25.105,0.0,25.105
4552,25.0,0.0,25.0
1736,23.607,0.0,24.235
2239,23.0,0.0,24.0
2516,24.0,0.0,24.0
1731,24.0,0.0,24.0
1414,25.737,0.0,23.737
00910,-3.98,0.0,23.02
020028,0.0,0.0,23.0
2524,23.0,0.0,23.0
2514,23.0,0.0,23.0
00657,-1.0,0.0,22.918
3004,22.027,0.0,22.227
6526,35.431,-19.0,22.157
00943,0.0,0.0,22.144
2102,22.132,0.0,22.132
2108,26.001,0.0,22.105
7786,22.069,0.0,22.069
6756,22.0,0.0,22.0
2462,22.0,0.0,22.0
3413,33.342,0.0,21.16
6781,15.276,0.0,21.124
6115,19.0,0.0,21.0
5244,21.0,0.0,21.0
4178,21.0,0.0,21.0
2706,21.0,0.0,21.0
3266,21.0,0.0,21.0
3025,20.999,0.0,20.999
9938,40.549,-3.564,20.981
00934,61.0,0.0,20.948
5522,-16.994,-2.0,20.006
5007,19.0,0.0,20.0
00899,0.0,0.0,20.0
1517,19.0,0.0,20.0
009809,0.0,0.0,19.41
3447,19.0,0.0,19.0
4426,18.0,0.0,19.0
3557,19.0,0.0,19.0
2450,18.0,0.0,19.0
2247,18.77,0.0,18.77
00912,-15.0,0.0,18.142
7760,18.0,0.0,18.0
1446,17.975,0.0,17.975
2911,17.458,0.0,17.458
7730,22.0,0.0,17.407
00654R,0.0,0.0,17.087
1614,17.07,0.0,17.07
2250,17.0,0.0,17.0
4582,19.0,0.0,17.0
1418,17.0,0.0,17.0
9908,14.0,0.0,17.0
5533,16.0,0.0,16.0
4807,19.0,0.0,16.0
5907,16.0,0.0,16.0
2929,16.0,0.0,16.0
3018,16.0,0.0,16.0
1528,15.259,0.0,15.711
2434,15.271,0.0,15.271
2908,15.212,0.0,15.212
2748,14.0,0.0,15.0
2431,15.0,0.0,15.0
4935,14.0,0.0,15.0
1321,14.0,0.0,15.0
4536,15.034,0.0,14.36
3705,14.107,0.0,14.107
8162,11.0,0.0,14.106
7818,15.0,0.0,14.0
6928,14.0,0.0,14.0
2608,12.0,0.0,14.0
1432,14.0,0.0,14.0
1203,14.0,0.0,14.0
1220,14.0,0.0,14.0
2477,13.0,0.0,14.0
6906,13.0,0.0,13.0
9136,13.0,0.0,13.0
6606,13.0,0.0,13.0
1225,13.0,0.0,13.0
1762,12.0,0.0,13.0
2509,13.0,0.0,13.0
020039,0.0,0.0,13.0
5525,13.0,0.0,13.0
3533,-240.967,229.0,12.692
00674R,1.0,0.0,12.459
1110,12.312,0.0,12.312
1466,13.273,0.0,12.273
1535,12.0,0.0,12.0
2227,12.0,0.0,12.0
2722,11.0,0.0,12.0
2642,12.0,0.0,12.0
2906,11.0,0.0,12.0
8341,8.394,0.0,11.06
2704,18.0,0.0,11.0
2506,11.0,0.0,11.0
3040,11.0,0.0,11.0
1234,11.0,0.0,11.0
7631,20.0,0.0,11.0
2850,7.767,0.0,10.767
4571,11.539,0.0,10.539
5706,20.0,0.0,10.0
6674,10.0,0.0,10.0
00717,173.0,0.0,10.0
1217,13.0,0.0,10.0
1468,11.0,0.0,10.0
6838,10.0,0.0,9.947
6890,9.951,0.0,9.917
6914,9.6,0.0,9.6
4108,9.423,0.0,9.423
3321,9.004,0.0,9.004
4133,9.0,0.0,9.0
2616,9.0,0.0,9.0
2910,9.0,0.0,9.0
2008,9.0,0.0,9.0
6934,9.0,0.0,9.0
8463,11.0,0.0,9.0
9902,9.0,0.0,9.0
1323,9.0,0.0,9.0
9942,9.0,0.0,9.0
9944,9.0,0.0,9.0
9937,10.0,0.0,9.0
2472,-1.813,0.0,8.388
7765,13.249,0.0,8.249
00681R,-152.0,0.0,8.168
3032,8.09,0.0,8.09
8499,8.0,0.005,8.005
6796,8.0,0.0,8.0
3501,8.0,0.0,8.0
2887H,8.0,0.0,8.0
2013,7.0,0.0,8.0
1626,9.0,0.0,8.0
1419,9.0,0.0,8.0
1423,8.0,0.0,8.0
1339,12.0,0.0,8.0
4106,7.0,0.0,8.0
2702,8.0,0.0,8.0
1443,8.0,0.0,8.0
6581,7.0,0.0,7.0
1454,7.0,0.0,7.0
1735,9.0,0.0,7.0
1752,7.0,0.0,7.0
2373,10.0,0.0,7.0
2712,7.0,0.0,7.0
2731,9.0,0.0,7.0
4438,7.0,0.0,7.0
6183,8.0,0.0,7.0
6184,7.0,0.0,7.0
6464,7.0,0.0,7.0
2059,-23.401,6.0,6.662
6477,9.268,0.0,6.268
6216,5.0,0.0,6.0
6201,8.0,0.0,6.0
9912,7.0,0.0,6.0
9926,6.0,0.0,6.0
7821,6.0,0.0,6.0
1456,9.0,0.0,6.0
1438,7.0,0.0,6.0
5283,-1.0,0.0,6.0
2115,5.599,0.0,5.599
006203,0.0,0.0,5.236
2414,-12.849,-1.986,5.165
1235,3.0,0.0,5.0
1583,5.0,0.0,5.0
1725,7.0,0.0,5.0
1726,5.0,0.0,5.0
1474,5.0,0.0,5.0
1539,5.0,0.0,5.0
3164,5.0,0.0,5.0
6792,6.0,0.0,5.0
6534,5.0,0.0,5.0
6128,10.0,0.0,5.0
7835,8.0,0.0,5.0
9931,5.0,0.0,5.0
6582,5.0,0.0,5.0
6605,4.353,0.0,4.171
1604,2.069,0.0,4.069
1435,4.0,0.0,4.0
2024,4.0,0.0,4.0
1906,4.0,0.0,4.0
2882B,0.0,0.0,4.0
2887Z1,4.0,0.0,4.0
6722,4.0,0.0,4.0
4572,6.0,0.0,4.0
9918,4.0,0.0,4.0
9906,3.0,0.0,4.0
020020,0.0,0.0,4.0
8482,4.0,0.0,4.0
9929,4.0,0.0,4.0
6807,4.0,0.0,4.0
00647L,-1.0,0.0,3.746
6446,2.03,-4.0,3.523
2433,2.0,0.007,3.007
3679,2.0,0.005,3.005
0057,0.001,0.0,3.001
2380,3.0,0.0,3.0
1417,3.0,0.0,3.0
1615,11.0,0.0,3.0
1521,4.0,0.0,3.0
6504,2.0,0.0,3.0
6794,3.0,0.0,3.0
6666,3.0,0.0,3.0
8443,3.0,0.0,3.0
020032,0.0,0.0,3.0
7721,3.0,0.0,3.0
4999,1.955,0.0,2.955
2211,10.071,-1.612,2.924
00982T,0.0,0.0,2.871
6230,2.288,0.0,2.288
1315,2.1,0.0,2.1
4441,2.08,0.0,2.08
2397,-6.996,0.0,2.004
5906,2.0,0.0,2.0
8045,2.0,0.0,2.0
1341,2.0,0.0,2.0
3168,2.0,0.0,2.0
2891B,0.0,0.0,2.0
2881B,0.0,0.0,2.0
1541,2.0,0.0,2.0
1445,2.0,0.0,2.0
1451,2.0,0.0,2.0
5546,2.0,0.0,2.0
6641,3.0,0.0,2.0
6655,2.0,0.0,2.0
00682U,0.0,0.0,2.0
6908,2.0,0.0,2.0
020029,0.0,0.0,2.0
910322,2.0,0.0,2.0
7736,2.0,0.0,2.0
1256,2.308,0.0,1.308
3504,4.33,0.01,1.302
6416,0.031,0.0,1.221
00636K,0.0,0.0,1.1
6645,1.003,0.0,1.003
6671,1.0,0.0,1.0
8940,2.0,0.0,1.0
8487,1.0,0.0,1.0
8466,1.0,0.0,1.0
8467,1.0,0.0,1.0
6931,3.0,0.0,1.0
7732,1.0,0.0,1.0
00851,0.0,0.0,1.0
3432,1.0,0.0,1.0
4190,1.0,0.0,1.0
4148,1.0,0.0,1.0
3150,4.0,0.0,1.0
2939,1.0,0.0,1.0
2496,1.0,0.0,1.0
1527,1.0,0.0,1.0
2248,1.0,0.0,1.0
2062,0.0,0.0,1.0
2106,33.0,0.0,1.0
6952,1.0,0.0,1.0
1516,1.0,0.0,1.0
911868,1.0,0.0,1.0
1452,0.999,0.0,0.999
00709,0.0,0.0,0.983
1453,0.94,0.0,0.94
006204,0.0,0.0,0.62
3229,1.588,0.0,0.588
2387,-10.992,0.0,0.008
006207,-1.0,0.0,0.002
00775B,0.0,0.0,0.001
00736,0.0,0.0,0.0
6936,0.0,0.0,0.0
8481,0.0,0.0,0.0
8367,0.0,0.0,0.0
7791,0.0,0.0,0.0
00657K,0.0,0.0,0.0
00689R,0.0,0.0,0.0
00668K,0.0,0.0,0.0
6754,0.0,0.0,0.0
4581,0.0,0.0,0.0
4557,0.0,0.0,0.0
2424,0.0,0.0,0.0
1783,-1.0,0.0,0.0
1439,0.0,0.0,0.0
1324,0.0,0.0,0.0
2945,0.0,0.0,0.0
1463,0.0,0.0,0.0
3057,1.0,0.0,0.0
9943,0.0,0.0,0.0
020030,0.0,0.0,0.0
2314,-0.526,0.0,-0.526
00783,0.0,0.0,-0.682
8462,0.02,0.0,-0.98
911608,-1.0,0.0,-1.0
020031,0.0,0.0,-1.0
7705,-1.0,0.0,-1.0
6887,-1.0,0.0,-1.0
4569,-1.0,0.0,-1.0
5215,-1.0,0.0,-1.0
6281,-1.0,0.0,-1.0
00660,0.0,0.0,-1.0
2114,-1.0,0.0,-1.0
1525,-1.0,0.0,-1.0
2904,-1.0,0.0,-1.0
4439,0.0,0.0,-1.0
3494,-1.0,0.0,-1.0
7823,-1.0,0.0,-1.0
2528,52.0,0.0,-1.0
2432,-1.0,0.0,-1.0
6753,-2.4,0.0,-1.074
1213,-1.1,0.0,-1.1
6117,30.177,0.012,-1.228
6658,1.004,0.007,-1.237
4994,-2.411,0.0,-1.411
6957,-6.0,0.0,-1.647
7722,0.332,0.0,-1.668
6955,1.0,0.0,-2.0
6918,-2.0,0.0,-2.0
8488,-2.0,0.0,-2.0
1470,-2.0,0.0,-2.0
6431,-1.0,0.0,-2.0
6835,-2.0,0.0,-2.0
00638R,-1.0,0.0,-2.0
00666R,0.0,0.0,-2.0
1236,-2.0,0.0,-2.0
1475,-2.0,0.0,-2.0
2836A,-2.0,0.0,-2.0
00703,0.0,0.0,-2.084
3006,149.329,-5.0,-2.448
0053,-1.0,0.0,-2.768
6862,-3.0,0.008,-2.773
2383,-161.913,163.0,-2.808
1472,9.0,0.0,-3.0
1465,-3.0,0.0,-3.0
1104,0.0,0.0,-3.0
2887G,-3.0,0.0,-3.0
6614,-3.0,0.0,-3.0
4737,-3.0,0.0,-3.0
020034,0.0,0.0,-3.0
6951,-3.0,0.0,-3.0
1730,-3.0,0.0,-3.0
3043,-3.0,0.0,-3.0
4930,-3.0,0.0,-3.0
1817,0.0,0.0,-3.003
4720,-3.0,0.0,-3.013
6863,-3.06,0.013,-3.047
00656R,0.0,0.0,-3.099
0061,-20.0,0.0,-3.375
1723,5.0,-3.0,-3.608
00714,714.0,0.0,-3.908
8442,1.0,0.0,-4.0
1530,-4.0,0.0,-4.0
1233,-3.0,0.0,-4.0
2739,-4.0,0.0,-4.0
4555,-4.0,0.0,-4.0
2488,-4.0,0.0,-4.0
00885,240.0,0.0,-4.08
8261,-25.943,19.0,-4.265
2546,-5.381,0.0,-4.381
6768,-1.0,-1.982,-4.982
8072,-5.0,0.0,-5.0
6921,-7.0,0.0,-5.0
1410,-5.0,0.0,-5.0
2228,-5.0,0.0,-5.0
6771,-1.0,0.0,-5.0
2762,-5.23,0.0,-5.23
00735,57.002,0.0,-5.501
00690,-1.0,0.0,-5.57
6719,-31.225,30.0,-5.722
6916,-6.0,0.0,-6.0
1531,-6.0,0.0,-6.0
1776,-3.0,0.0,-6.0
1441,-6.0,0.0,-6.0
2891C,-6.0,0.0,-6.0
2415,-4.0,-2.0,-6.0
2430,-8.154,0.0,-6.154
4766,-5.532,0.0,-6.532
00668,0.0,0.0,-6.622
6924,-6.811,0.0,-6.811
2901,-6.0,0.0,-7.0
4440,1.0,0.0,-7.0
2438,-7.0,0.0,-7.0
00731,48.0,0.0,-7.009
3588,-9.348,0.0,-7.348
4722,15.087,0.0,-7.42
9933,23.095,-15.8,-7.705
2233,-5.831,0.0,-7.884
1623,-8.38,0.0,-8.38
4137,-5.399,0.0,-8.399
4585,-8.0,0.0,-8.565
2816,-8.918,0.0,-8.918
1808,33.059,0.0,-8.941
6923,-5.0,0.0,-9.0
2537,-9.004,0.0,-9.004
6790,-9.0,0.0,-9.05
1416,-9.108,0.0,-9.108
2707,-10.813,0.0,-9.336
5288,-1.31,-20.0,-9.424
1720,-10.737,0.0,-9.737
3138,-11.915,0.0,-9.995
1526,-10.0,0.0,-10.0
1512,-10.0,0.0,-10.0
7768,-10.0,0.0,-10.0
1413,-10.0,0.0,-10.0
4588,-8.0,0.0,-10.0
5306,-5.381,0.0,-10.381
6965,-13.0,0.0,-11.0
1537,-11.0,0.0,-11.0
4155,-11.0,0.0,-11.0
1737,-11.001,0.0,-11.001
2535,-13.175,0.0,-11.593
00711B,0.0,0.0,-11.752
6776,-12.0,0.0,-12.0
3669,-15.0,0.0,-12.0
2364,-11.698,0.0,-12.698
00907,13.0,0.0,-12.989
1232,-14.207,0.0,-13.207
2480,-14.11,-1.161,-13.407
00702,0.05,0.0,-13.417
6515,-14.303,-9.6,-13.601
2461,-7.907,0.0,-13.907
9905,-14.0,0.0,-14.0
6625,-14.0,0.0,-14.0
2444,-14.619,0.0,-14.516
2413,-15.575,0.031,-14.544
2072,-16.701,0.0,-14.701
4583,-13.997,0.0,-14.779
1558,-15.073,0.0,-15.073
3416,-6.894,0.007,-15.213
1734,-15.394,0.0,-15.394
00737,0.0,0.0,-15.838
1201,2.0,0.0,-16.0
2505,-16.505,0.0,-16.505
4952,-24.97,0.018,-16.952
6969,-17.0,0.0,-17.0
6205,-18.792,0.018,-17.092
4560,-18.0,0.0,-18.0
6277,-24.971,0.0,-18.125
2851,0.45,-2.0,-18.781
020000,0.0,0.0,-19.0
2476,-30.424,0.0,-19.656
3002,-18.934,0.0,-19.934
1805,-20.0,0.0,-20.0
1733,-20.13,0.0,-20.13
6919,-23.123,0.0,-20.636
00643,-3.0,0.0,-20.982
2204,-22.0,-2.928,-21.207
8105,-26.816,0.0,-21.308
6024,-21.485,0.0,-21.485
6591,-21.71,0.0,-21.71
00771,0.0,0.0,-22.006
9940,-7.0,0.0,-22.045
2617,-24.16,0.0,-22.279
1467,-21.0,0.0,-23.0
1109,-26.411,0.0,-24.411
3028,-33.898,17.325,-24.572
2206,-27.716,0.0,-24.716
2832,-16.29,0.0,-24.766
7855,-25.0,0.0,-25.0
2887E,-25.0,0.0,-25.0
1712,-38.0,0.0,-25.062
00728,-19.0,0.0,-25.476
5203,-28.955,0.0,-25.955
6192,-28.0,0.008,-25.993
3130,-26.0,0.0,-26.0
6994,-26.873,0.0,-26.656
2348,-32.0,0.0,-29.063
6449,-33.147,0.0,-29.184
2428,-30.497,0.0,-29.497
3356,-43.59,0.0,-29.59
2237,-30.0,0.0,-30.0
3056,-33.0,0.0,-31.4
3437,-32.425,0.0,-32.425
1795,-43.129,0.0,-33.343
6902,-33.731,0.0,-34.731
9910,-86.829,48.0,-34.769
6214,-8.226,0.0,-34.875
8464,-84.72,47.0,-35.831
1540,-36.0,0.0,-36.0
3031,-37.036,0.0,-36.036
3406,-3.495,11.0,-36.895
2107,-34.281,0.0,-37.281
6271,-55.438,0.0,-37.657
1563,-41.16,0.0,-39.244
1231,-50.71,0.0,-39.37
00960,-0.918,0.0,-40.161
4942,-42.0,0.0,-41.0
2459,-42.0,0.0,-42.0
8271,-49.648,0.0,-42.034
2820,-72.0,0.0,-44.0
1437,-46.459,0.0,-45.459
6272,-45.0,0.0,-46.0
3708,-43.918,-3.0,-46.017
3046,-48.04,0.0,-46.04
00652,81.04,0.0,-46.339
1590,-17.2,-29.0,-46.351
8016,-76.143,29.202,-46.941
2423,-50.0,0.015,-48.985
1473,-49.0,0.0,-49.0
9927,-48.0,0.0,-49.0
5284,-47.402,0.0,-49.453
3712,-50.689,0.0,-49.689
1506,-52.0,0.0,-52.0
1342,-51.919,-1.0,-52.919
1519,-63.424,0.0,-53.706
1436,-54.0,0.0,-54.0
6177,-62.0,0.0,-54.0
2049,8.092,0.0,-54.825
7750,-27.297,-26.0,-54.871
2852,-56.0,0.0,-56.0
3090,-29.249,-3.0,-56.622
9917,-57.928,0.0,-57.928
9911,-49.549,0.0,-60.549
5515,-74.22,0.0,-61.341
009803,-258.0,0.0,-62.723
6670,-63.532,-0.61,-63.186
6830,-62.824,0.0,-63.958
00763U,-4.0,0.0,-64.912
1732,-65.0,0.0,-65.0
3010,-72.371,0.0,-65.371
00651R,0.0,0.0,-65.8
8114,-70.0,0.0,-66.358
6598,-65.0,0.0,-67.0
00938,107.0,0.0,-68.637
00852L,0.0,0.0,-68.985
7769,-1.797,-67.3,-69.315
2511,-79.0,0.0,-70.0
7795,-71.0,0.0,-70.057
00710B,-10.0,0.0,-70.167
00655L,-31.0,0.0,-73.607
912000,-74.0,0.0,-74.0
9802,-20.612,-60.0,-76.612
1464,-81.0,0.0,-81.0
3035,60.342,-10.0,-82.693
2538,13.22,0.0,-84.78
2069,-87.312,0.0,-87.312
2362,-97.634,0.0,-87.634
2359,-86.046,0.0,-89.175
6405,-91.0,0.0,-90.003
1568,-85.09,0.0,-90.09
5471,-85.987,0.0,-90.456
3545,-127.807,30.0,-94.81
00635U,134.663,0.0,-95.334
00401A,-22.0,0.0,-95.703
5269,-99.196,0.0,-100.468
6141,-102.16,0.0,-102.16
9914,-116.85,0.0,-104.165
1227,-113.046,0.0,-108.046
4739,-206.149,0.0,-111.849
6668,-46.95,0.0,-111.95
6988,-101.0,0.0,-113.0
7711,-122.297,0.0,-113.533
6426,-111.977,0.014,-115.281
4195,-32.0,0.0,-126.0
9934,-127.1,0.0,-127.1
2881,296.934,-595.0,-129.689
1707,-129.668,0.0,-130.583
00701,11.0,0.0,-132.492
00653L,-6.0,0.0,-132.743
6831,19.754,-182.0,-135.19
5531,-123.0,0.0,-138.0
2542,-165.796,221.0,-138.531
1711,-190.399,0.0,-145.558
2006,-544.532,390.742,-145.913
7610,-151.109,0.0,-146.316
6698,-150.0,0.0,-150.0
6706,47.56,0.0,-150.698
00639,39.0,0.0,-151.928
2474,-148.502,-14.0,-152.517
8411,-5.0,0.0,-154.0
00646,14.181,8.0,-155.819
6715,-167.0,0.0,-156.63
1215,-154.897,0.0,-157.895
00982D,11.0,0.0,-158.959
00875,0.005,0.0,-163.398
3653,-214.0,44.0,-164.764
2020,-179.0,0.0,-167.474
4532,-167.278,-6.561,-171.839
8110,-180.0,0.0,-172.183
2887I,-174.0,0.0,-174.0
3583,-172.549,0.0,-175.126
6224,-174.162,0.005,-176.157
2395,-269.789,147.0,-177.093
00641R,0.0,0.0,-181.261
3209,-201.0,0.032,-182.968
2536,-184.0,0.0,-184.0
1210,-180.667,-1.0,-190.898
3592,-246.319,29.301,-194.097
00633L,43.0,0.0,-202.376
1809,-281.468,0.0,-203.112
5285,-206.122,0.0,-203.422
3013,-254.814,0.0,-205.0
4770,-196.191,0.0,-205.763
1477,-532.16,328.254,-211.762
6155,-196.845,-1.0,-216.844
9921,-222.316,0.0,-219.957
2486,-226.844,0.0,-221.392
5434,-219.245,-3.0,-224.84
2208,-235.751,0.0,-225.751
5469,-194.822,-45.0,-236.667
6531,-221.321,-4.0,-236.734
6592,-254.0,0.0,-239.548
2027,-302.673,0.0,-242.155
9941,-201.409,-55.383,-245.909
00983D,116.0,0.0,-248.6
2836,-268.023,0.0,-266.023
6202,-295.0,20.0,-268.38
00991B,2.0,0.0,-269.685
3014,-316.814,35.449,-278.95
4915,-292.05,-2.184,-285.537
6933,-301.025,0.011,-291.172
3005,-334.571,5.368,-292.16
8081,-186.049,24.2,-295.801
3703,-283.0,0.0,-298.0
3419,-302.0,0.0,-301.026
5534,-300.0,0.0,-302.303
2377,-641.406,374.0,-304.098
3596,-316.0,0.0,-313.79
2465,-316.882,0.008,-316.874
6415,-352.85,23.0,-320.458
3008,-80.007,-275.1,-336.729
4764,-277.77,-79.0,-342.608
3702,-938.35,540.0,-347.929
6442,18.107,-372.0,-354.819
00909,-494.0,0.0,-358.718
2520,-387.95,0.0,-372.429
00964,-9.0,0.0,-383.009
2467,-357.358,0.0,-385.492
4961,-401.365,29.0,-385.735
2882,-408.763,-10.0,-386.049
00917,101.094,0.0,-398.791
2399,-379.0,0.02,-409.672
6206,-300.457,-1.576,-410.581
3021,-411.44,0.0,-422.145
3022,-420.93,0.0,-424.916
4576,-382.517,0.0,-425.373
2360,69.119,-552.0,-440.881
6166,-425.121,0.0,-444.553
2885,-668.853,-125.72,-456.844
6834,-421.688,-0.972,-469.407
2646,-238.354,0.0,-484.354
00650L,113.0,0.0,-484.811
3055,-509.359,0.0,-494.841
2504,-461.0,-9.0,-496.0
5234,-457.319,-52.0,-516.535
2201,-557.821,0.0,-524.621
6414,-581.017,-1.0,-565.833
2376,-336.97,-209.0,-580.95
1597,-511.061,0.0,-582.501
6213,-937.601,367.0,-588.648
8996,-786.085,136.0,-596.702
009826,888.999,0.0,-610.713
5880,-814.63,100.0,-618.63
3376,-642.155,0.0,-618.845
6669,-588.968,-9.331,-622.663
6226,-638.47,-2.0,-640.47
2838,-650.364,0.0,-652.364
6533,-708.797,-5.0,-668.97
2327,-104.269,-555.02,-682.007
2030,-670.0,0.0,-706.333
00642U,3.277,0.0,-711.836
2439,-730.407,0.0,-739.034
3167,-734.723,0.0,-741.504
2548,-749.857,9.3,-763.881
2454,-986.171,154.3,-766.758
6901,-768.0,0.0,-772.0
00981T,9.0,0.0,-781.661
00662,191.008,96.0,-831.412
5388,-858.0,0.0,-865.383
00963,249.0,0.0,-893.292
6443,-901.0,0.0,-903.702
3094,-950.988,0.0,-929.989
00891,-205.798,0.0,-934.553
3450,-1383.32,387.0,-982.179
00738U,14.15,0.0,-1009.14
00962,-17.0,0.0,-1016.383
2345,1075.039,-2183.0,-1020.886
2351,-473.791,-520.0,-1029.784
2501,-1021.0,0.0,-1037.069
2886,-2200.235,492.0,-1057.563
2883,-1942.755,269.0,-1058.628
2834,-962.29,0.0,-1078.29
3532,-940.314,0.0,-1103.514
6282,-975.447,-32.0,-1115.849
2305,-1130.98,-2.0,-1134.98
6209,-1014.48,0.015,-1150.253
3026,-1187.687,35.0,-1152.362
2484,-1223.014,-2.983,-1198.704
00715L,-53.0,0.0,-1217.518
4551,-1242.551,-1.0,-1275.866
6133,-1300.186,0.0,-1304.441
2436,-946.529,-10.0,-1322.833
3380,-1242.74,0.0,-1343.399
00865B,-521.0,0.0,-1355.569
2897,-1420.607,0.0,-1410.607
00922,-542.896,0.0,-1483.261
8112,-1453.761,-7.0,-1513.754
2605,-1385.296,0.0,-1538.148
2498,-1682.839,0.0,-1559.772
9904,-1869.002,129.259,-1600.358
3231,-1846.787,146.0,-1607.138
00665L,-59.0,0.0,-1703.519
2884,-6294.665,4082.0,-1716.788
9105,-2240.001,0.0,-1835.376
3550,-1902.989,-1.0,-1904.07
2356,-2032.414,-190.0,-2033.953
3717,-2080.321,0.0,-2215.882
00753L,-1241.0,0.0,-2223.479
00676R,0.0,0.0,-2252.756
8210,-2453.207,-13.0,-2464.902
2845,-2087.012,0.0,-2532.012
2368,-3601.26,960.0,-2720.828
2489,-2844.52,39.4,-2766.471
5871,-2877.842,-7.49,-2845.695
3016,-2789.339,0.0,-3075.375
3036,-3077.049,-15.0,-3277.877
4956,-3303.053,0.0,-3303.256
00680L,-366.0,0.0,-3341.432
2382,-3672.906,48.0,-3409.371
2449,-2574.961,6.0,-3470.867
8028,-3240.964,0.0,-3477.791
00686R,0.0,0.0,-3673.136
3673,-3787.835,0.0,-3688.774
00400A,-2708.424,0.0,-3767.18
2812,-3836.012,-11.0,-3805.012
2891,-5214.958,1025.77,-3845.015
009829,1164.9,0.0,-3918.482
3149,-4098.36,0.0,-3939.881
2301,-4039.594,-13.0,-3991.088
4938,-3738.925,-52.061,-4058.31
2481,-3563.196,0.0,-4207.702
2492,-3929.955,-1006.0,-5165.265
0050,-5338.468,5000.0,-5716.098
00713,-369.629,0.0,-6332.219
00961,324.0,0.0,-8645.395
009821,20.0,0.0,-8678.83
00985B,-2251.0,0.0,-8722.0
1727,-8650.558,0.0,-8771.222
00878,-149.545,0.0,-9133.645
00632R,-3600.0,0.0,-11627.398
0056,3705.162,0.0,-12020.401
00984D,23.0,0.0,-14444.101
00918,1302.924,0.0,-15787.071
00953B,-3674.69,0.0,-21980.827
00919,539.975,0.0,-24359.705
00712,15790.625,0.0,-29825.324
009816,384.855,2500.0,-34836.481
00406A,11628.702,0.0,-247571.245
00411A,542.0,0.0,7875.953
006201,-3.6,0.0,15.34
00679B,363.15,0.0,-325.11
00687B,-403.65,0.0,414.56
00687C,0.0,0.0,0.0
00694B,-91.0,3.0,-11.319
00695B,-63.0,0.0,-11.999
00696B,-318.0,0.0,104.504
00697B,6.0,0.0,-91.086
00719B,-243.0,0.0,-934.0
00720B,113.0,0.0,-2154.446
00722B,-154.0,0.0,-575.528
00723B,0.0,0.0,-1.143
00724B,-203.0,0.0,-45.413
00725B,-837.0,0.0,-1641.836
00726B,-1.0,0.0,-32.057
00727B,-6.0,0.0,-16.029
00734B,96.0,0.0,0.673
00740B,12.0,0.0,-211.277
00741B,1.0,0.0,-12.233
00746B,1.0,0.0,-5.0
00749B,0.0,0.0,0.0
00750B,0.0,0.0,0.0
00751B,20.0,0.0,-1802.373
00754B,0.0,0.0,-16.078
00755B,1.0,0.0,0.002
00756B,-8.0,0.0,-26.0
00758B,0.0,0.0,-0.239
00759B,0.0,0.0,-0.11
00760B,0.0,0.0,-2.482
00761B,-17.0,0.0,-43.786
00764B,-1758.0,0.0,111.327
00768B,-125.0,0.0,-25.656
00772B,-660.0,0.0,156.864
00773B,-827.0,0.0,-133.963
00777B,0.0,0.0,0.0
00778B,0.0,0.0,0.0
00779B,-14.0,0.0,-3.0
00780B,0.0,0.0,1.95
00781B,0.0,0.0,-32.507
00782B,0.0,0.0,-117.706
00785B,20.0,0.0,-1.0
00786B,0.0,0.0,8.837
00787B,0.0,0.0,-0.016
00788B,-17.0,0.0,-20.921
00789B,0.0,0.0,1.74
00791B,-6.0,0.0,-0.89
00792B,0.0,0.0,0.055
00795B,-2732.0,0.0,109.0
00799B,2.0,0.0,-113.95
00834B,-6.0,0.0,-1.0
00836B,0.0,0.0,-1.0
00840B,0.0,0.0,0.0
00841B,5.0,0.0,0.0
00842B,2.0,0.0,-216.996
00844B,0.0,0.0,-0.014
00845B,14.0,0.0,-0.032
00846B,0.0,0.0,2.408
00847B,-5.0,0.0,45.408
00848B,0.0,0.0,-0.02
00849B,-8.0,0.0,-5.91
00853B,0.0,0.0,-51.039
00856B,2.0,0.0,3.0
00857B,-676.0,0.0,124.488
00858,-2.0,0.0,201.077
00859B,-162.0,0.0,61.777
00860B,0.0,0.0,-1.0
00862B,-6.0,0.0,-4.116
00863B,55.0,0.0,-1.235
00864B,-126.0,0.0,-9.0
00867B,60.0,0.0,-0.21
00870B,81.0,0.0,2.945
00877,-53.0,0.0,-1255.681
00884B,0.0,0.0,-2.014
00886,0.0,0.0,-0.001
00887,104.0,0.0,-287.042
00888,-73.9,0.0,-846.17
00890B,0.0,0.0,-5.0
00928,-3.0,0.0,104.156
00931B,-530.975,0.0,366.634
00933B,-1493.0,0.0,-2766.0
00937B,-17244.9,0.0,-32551.866
00942B,-6.0,0.0,455.561
00948B,-263.0,0.0,-527.082
00950B,-4.0,0.0,-949.2
00955,38.0,0.0,751.463
00957B,-19.0,0.0,-101.754
00958B,-20.0,0.0,-38.17
00959B,40.0,0.0,-297.041
00966B,-91.0,0.0,-45.309
00967B,1.0,0.0,36.964
00968B,5.0,0.0,-192.9
00969B,-94.0,0.0,-781.019
00970B,-10.0,0.0,-367.289
009806,0.0,0.0,11.744
009807,0.0,0.0,23.422
00980B,7.0,0.0,-175.338
00980D,0.0,0.0,360.0
00980T,-1.0,0.0,37.187
009814,47.0,25.0,-128.905
009815,24.0,0.0,302.256
00981B,-538.0,0.0,-2114.75
00981D,1256.0,0.0,1101.924
009822,-4.0,0.0,-219.461
009823,1.0,0.0,-97.624
009825,-48.0,0.0,-74.797
00982B,-32.0,0.0,-12.007
00983B,-45.0,0.0,-47.965
00984B,19.0,0.0,-165.25
00985D,-77.0,0.0,-484.483
00986B,0.0,0.0,-13.669
00986D,92.0,0.0,151.405
00987B,16.0,0.0,-615.57
00987D,2.0,0.0,66.69
00988B,-1.0,0.0,118.896
00989B,-91.0,0.0,-893.153
00990B,1.0,0.0,-1617.543
00998A,16.2,0.0,-1602.8
020025,0.0,0.0,87.0
020033,0.0,0.0,-14.0
020041,0.0,0.0,50.0
1240,0.0,0.0,-0.726
1259,-1.0,0.0,2.0
1264,10.139,0.0,10.139
1268,3.507,0.0,3.507
1294,1.0,0.0,1.0
1295,4.0,0.0,4.0
1336,159.0,0.0,242.0
1565,25.0,0.0,23.031
1569,-77.57,0.0,-80.337
1570,7.0,0.0,7.0
1580,-14.386,0.0,-14.386
1584,311.526,0.0,323.526
1586,230.0,0.0,230.0
1591,142.429,0.0,142.429
1593,-1.0,0.0,-1.0
1595,127.001,0.0,141.302
1599,0.0,0.0,0.0
1742,0.0,0.0,0.0
1777,1.0,0.0,1.0
1780,2.0,0.0,2.0
1781,2.999,0.0,2.999
1784,-0.4,0.0,-1.125
1785,-1202.271,0.0,-1205.409
1796,-2.0,0.0,-2.0
1799,21.0,0.0,21.0
1813,0.0,0.0,0.0
1815,-3171.495,-46.0,-3413.135
2061,-321.304,0.0,-333.989
2063,-9.0,0.0,-5.0
2065,24.0,0.0,24.0
2066,0.0,0.0,0.0
2070,15.0,0.0,15.0
2221,-280.596,0.0,-366.315
2230,-10.173,0.0,-10.253
2596,-1.0,0.0,-1.0
2640,-2.94,0.0,-2.94
2641,285.44,0.0,285.44
2643,-3.0,0.0,-3.0
2718,-1.0,0.0,1.0
2729,1.627,0.0,1.627
2732,2.0,0.0,2.0
2734,0.0,0.0,0.0
2736,-1.0,0.0,-1.0
2743,-4.0,0.0,-8.0
2745,11.0,0.0,10.582
2751,2.0,0.0,2.0
2752,-1.0,0.0,-1.0
2754,3.0,0.0,3.0
2755,-4.0,0.0,-4.299
2916,2.0,0.0,2.0
2924,1.0,0.0,1.0
2926,1.0,0.0,1.0
2938,-1.0,0.0,-1.0
2947,1.0,0.0,1.0
2949,0.0,0.0,-2.0
3066,-278.789,0.0,-278.789
3071,19.0,0.0,19.019
3073,1.0,0.0,1.0
3078,180.11,0.0,178.61
3081,-88.702,37.7,-74.569
3083,-11.0,0.0,-11.0
3086,12.0,0.0,11.829
3088,-186.258,0.0,-195.793
3093,93.09,0.0,93.007
3095,1.0,0.0,1.0
3105,12766.342,279.0,14061.748
3114,-164.0,0.0,-164.0
3115,-1.0,0.0,-1.0
3118,-4.0,0.0,-4.0
3122,1.0,0.0,1.0
3128,10.68,0.0,10.68
3131,63.806,-13.1,53.026
3141,-94.188,0.0,-111.214
3147,68.981,0.0,96.283
3152,0.517,0.0,-1.047
3162,1040.364,0.0,1064.954
3163,-113.249,-8.0,-117.338
3169,40.769,0.0,39.519
3171,1.0,0.0,-1.0
3176,94.021,0.0,94.021
3178,25.0,0.0,23.309
3188,0.0,0.0,0.0
3205,3.0,0.0,3.008
3206,1.0,0.0,0.0
3207,97.0,0.0,94.197
3211,472.484,-2.0,632.431
3213,3.484,0.0,3.508
3217,102.0,0.0,86.072
3218,-4.502,-1.241,-5.055
3219,189.925,0.0,342.715
3221,-205.137,0.0,-213.447
3224,3.0,0.0,3.0
3226,2.0,0.0,2.0
3227,-346.597,-81.0,-431.48
3228,-84.82,30.0,-61.321
3230,65.005,0.0,65.005
3232,-6.0,0.0,-6.0
3234,-164.357,0.0,-164.688
3236,15.755,0.0,32.699
3252,-3.0,0.0,-3.0
3259,4.0,0.0,4.0
3260,-748.527,17.1,-711.893
3264,-6730.972,-53.0,-6791.425
3265,731.726,0.0,687.939
3268,17.0,0.0,17.0
3272,4.0,0.0,4.0
3276,16.0,0.0,16.0
3284,98.0,0.0,98.522
3285,-2.0,0.0,-2.0
3287,-14.983,0.0,-10.983
3288,1.0,0.0,1.0
3289,-15.894,0.0,-7.379
3290,-455.596,0.0,-380.752
3293,1063.974,48.0,1113.449
3294,65.92,0.0,65.92
3297,-10.0,0.0,-10.0
3303,52.01,0.0,52.002
3306,-27.0,0.0,-27.0
3310,-1.0,0.0,-1.0
3313,-5.0,0.0,-5.0
3317,-560.707,0.0,-598.314
3322,72.0,0.0,72.0
3323,133.408,0.0,130.719
3324,-805.231,-0.5,-1008.501
3325,-4.0,0.0,-4.0
3332,-1.0,0.0,-1.0
3339,-136.34,0.0,-136.725
3349,-3.0,0.0,-3.0
3354,397.0,0.0,404.265
3357,100.71,-1.0,88.244
3360,169.449,0.0,169.449
3362,90.573,0.0,90.25
3363,-67.522,0.0,-70.241
3372,171.353,0.0,172.353
3373,4.0,0.0,4.0
3374,78.02,-18.0,71.118
3379,18.0,0.0,18.0
3388,144.162,0.0,142.354
3390,-38.0,0.0,-38.0
3402,386.357,0.0,399.327
3430,0.502,0.0,-1.282
3434,-6.157,0.0,-6.157
3438,23.0,0.0,23.575
3441,-66.991,0.0,-96.225
3444,-33.998,0.0,-32.898
3455,-400.821,0.0,-413.854
3465,2.0,0.0,2.0
3466,-10.0,0.0,-10.0
3467,-75.08,0.0,-74.08
3479,-30.803,0.0,-32.481
3483,143.202,0.0,146.257
3484,-31.223,0.0,-31.214
3485,17.334,0.0,18.239
3489,33.0,0.0,33.0
3490,-395.0,0.0,-395.0
3491,-130.756,17.5,-134.525
3492,1.0,0.0,1.0
3498,-773.34,0.0,-764.689
3499,-6.0,0.0,-6.0
3508,108.725,0.0,108.725
3511,36.0,0.0,36.0
3512,-3.0,0.0,-3.0
3516,1.0,0.0,1.0
3520,-2.0,0.0,-2.0
3521,-3.0,0.0,-3.0
3522,11.0,0.0,11.0
3523,1.0,0.0,1.0
3526,-30.04,2.449,-27.795
3527,-5.0,0.0,-7.0
3529,-202.049,121.8,-85.184
3537,47.091,0.0,47.091
3540,50.749,0.0,50.749
3541,4.391,0.0,4.391
3546,-21.217,0.0,-21.217
3548,21.951,0.0,22.271
3551,-49.462,0.0,-50.397
3552,-59.0,0.0,-60.0
3555,10.07,0.0,7.001
3556,5.202,0.0,5.202
3558,17.185,0.0,16.633
3564,64.64,0.0,29.64
3567,7.0,0.0,7.0
3570,-3.0,0.0,-3.0
3577,-171.955,0.0,-181.465
3580,-444.585,0.0,-444.206
3581,139.327,0.0,143.282
3587,-45.0,0.0,-44.372
3594,1.91,0.0,1.47
3597,6.0,0.0,6.0
3609,-14.0,0.0,-14.0
3611,-2.0,0.0,-2.0
3615,-339.0,0.0,-315.715
3623,66.0,0.0,66.0
3624,-1214.938,-369.0,-1722.411
3625,1.0,0.0,1.0
3628,11.04,0.0,11.182
3630,48.92,0.0,48.5
3631,67.0,0.0,67.0
3663,-101.445,0.0,-74.227
3666,4.0,0.0,4.0
3672,-3.0,0.0,-3.0
3675,-41.841,70.0,55.072
3680,187.77,0.0,162.54
3684,-10.0,0.0,-10.0
3685,-34.208,0.0,-34.208
3687,4.0,0.0,3.994
3689,105.79,0.0,105.79
3691,-70.914,0.0,-87.187
3693,-36.926,0.0,-54.099
3707,2304.674,0.0,2418.507
3709,29.0,0.0,32.0
3710,-34.0,0.0,-34.0
3713,-3.0,0.0,-3.0
3718,373.963,0.0,380.966
4102,4.0,0.0,4.0
4105,-18.701,0.0,-27.701
4107,-3.0,0.0,-3.0
4109,7.0,0.0,7.0
4111,-6.0,0.0,-6.0
4113,-36.0,0.0,-36.0
4114,220.961,0.0,220.961
4116,-2.0,0.0,-2.0
4120,0.0,0.0,0.0
4121,2.0,0.0,2.0
4123,567.0,0.0,400.243
4126,-9.0,0.0,-9.0
4127,47.0,0.0,46.111
4128,956.82,0.0,958.916
4129,6.0,0.0,6.0
4131,0.0,0.0,0.0
4138,-3.0,0.0,-3.0
4139,-8.0,0.0,-8.0
4147,238.051,0.0,245.139
4157,400.73,0.0,400.774
4160,14.0,0.0,14.0
4161,0.0,0.0,0.0
4162,56.0,0.0,56.281
4163,4.0,0.0,3.999
4166,4.0,0.0,4.0
4167,305.038,0.0,321.337
4168,12.0,0.0,12.0
4171,3.0,0.0,3.0
4173,-4.0,0.0,-4.0
4174,264.0,0.0,253.563
4175,5.0,0.0,5.0
4188,14.0,0.0,14.0
4205,10.0,0.0,10.0
4207,-2.0,0.0,-2.0
4303,64.1,0.0,64.298
4304,-6.0,0.0,-6.237
4401,-2.0,0.0,-2.0
4402,1.0,0.0,3.0
4406,-1.0,0.0,-1.0
4413,-1.0,0.0,-1.0
4416,37.28,0.0,37.28
4417,-2.0,0.0,-2.0
4419,-3.0,0.0,-3.0
4420,10.0,0.0,10.0
4430,-1.0,0.0,-1.0
4432,-1.0,0.0,-1.0
4433,-8.0,0.0,-8.0
4442,-1.0,0.0,-1.0
4502,1.0,0.0,1.0
4503,51.0,0.0,51.413
4506,-12.38,0.0,-12.38
4510,211.0,0.0,210.626
4513,23.0,0.0,29.0
4523,9.0,0.0,9.0
4528,-1.0,0.0,-1.0
4530,-1.0,0.0,-1.0
4533,207.3,0.0,209.3
4534,246.214,0.0,246.214
4535,5.0,0.0,5.0
4538,-1.0,0.0,-1.0
4541,569.271,0.0,485.24
4542,14.0,0.0,13.417
4543,14.65,0.0,14.65
4549,27.0,0.0,27.99
4550,-2.0,0.0,-2.0
4554,6.25,0.0,6.25
4556,56.926,0.0,63.313
4558,-1.0,0.0,-1.0
4561,69.0,0.0,65.0
4563,13.0,0.0,13.0
4568,1.0,0.0,1.0
4577,250.82,0.0,262.13
4580,-7.074,0.0,-7.074
4702,2.0,0.0,2.0
4706,1.0,0.0,1.0
4707,549.238,0.0,587.518
4711,-9.0,0.0,-9.0
4714,287.003,0.0,287.003
4716,72.787,0.0,72.787
4721,165.678,0.0,178.254
4726,19.0,0.0,19.0
4728,-1.0,0.0,-1.0
4729,158.0,0.0,158.116
4735,-4.0,0.0,-4.0
4741,-50.0,0.0,-80.0
4743,1065.347,0.0,1071.347
4744,32.0,0.0,32.0
4745,-3.0,0.0,-3.0
4747,-5.0,0.0,-5.0
4749,-41.92,-1.0,-57.138
4754,15.0,0.0,15.0
4760,16.501,0.0,15.594
4767,-2.0,0.0,-2.0
4768,-443.402,0.0,-364.321
4772,-201.517,0.0,-221.127
4903,90.79,0.0,90.79
4905,-1.0,0.0,-1.0
4907,-8.0,0.0,-8.0
4908,-159.534,0.0,-171.413
4909,121.992,0.0,121.997
4923,39.0,0.0,39.0
4924,67.0,0.0,67.669
4931,182.664,0.0,376.245
4933,16.0,0.0,16.0
4939,314.016,0.0,383.136
4946,-4.0,0.0,-4.0
4950,4.0,0.0,4.0
4951,87.306,0.0,86.254
4953,-20.528,0.0,-22.961
4966,-34.487,0.0,-34.408
4971,-157.687,0.0,-157.665
4972,2.0,0.0,2.0
4973,12.504,0.0,19.365
4974,-9.0,0.0,-8.616
4979,-69.01,0.0,-8.804
4991,39.99,107.5,165.227
4995,-17.0,0.0,-14.0
5009,-888.573,0.0,-1005.26
5011,3.0,0.0,3.0
5013,20.0,0.0,16.0
5014,17.0,0.0,17.0
5015,12.0,0.0,12.0
5016,-13.0,0.0,-13.0
5201,-3.0,0.0,-3.0
5202,26.001,0.0,26.001
5206,-4.0,0.0,-4.0
5209,-10.816,0.0,-10.816
5210,-11.037,0.0,-11.037
5212,1.0,0.0,1.0
5213,-3.0,0.0,-3.0
5220,14.0,0.0,15.702
5227,219.349,0.0,219.349
5228,14.176,0.0,14.176
5230,296.461,0.0,296.461
5245,40.0,0.0,-30.0
5251,9.558,0.0,9.558
5263,69.0,0.0,69.057
5272,41.0,0.0,41.0
5274,-5.617,-33.12,-40.701
5278,23.0,0.0,23.134
5287,-4.764,0.0,-3.764
5289,-25.882,0.5,-32.561
5291,85.191,0.0,76.277
5299,48.547,0.0,49.695
5302,25.0,0.0,25.0
5309,-837.699,-5.0,-658.463
5310,1.9,0.0,1.9
5312,-4.0,0.0,-4.0
5314,219.705,0.0,298.836
5315,-16.0,0.0,-16.0
5321,13.08,0.0,13.08
5324,-3.0,0.0,-3.0
5328,488.016,0.0,486.724
5340,14.0,0.0,14.786
5344,28.0,0.0,28.0
5345,1.0,0.0,1.0
5347,-3153.597,1817.035,-1631.873
5351,683.89,-10.0,652.124
5353,-2.0,0.0,-2.0
5355,-1.0,0.0,-1.0
5356,3.0,0.0,3.0
5364,0.0,0.0,0.0
5381,128.54,0.0,128.54
5386,19.408,0.0,21.231
5392,-42.0,0.0,-39.345
5398,-4.0,0.0,-4.0
5403,6.0,0.0,6.0
5410,-17.0,0.0,-17.0
5425,563.678,0.0,506.349
5426,145.0,0.0,145.157
5432,-6.989,0.0,-5.964
5438,-40.0,0.0,-40.0
5439,-489.781,0.0,-496.87
5443,-1843.642,0.0,-1816.884
5450,6.0,0.0,6.0
5452,111.0,0.0,109.0
5457,85.125,0.0,79.021
5460,2.0,0.0,2.0
5464,-229.727,0.0,-223.99
5465,34.9,0.0,27.9
5468,-11.0,0.0,-11.0
5474,19.05,0.0,21.984
5475,49.856,0.0,50.73
5478,-7.237,0.0,-7.237
5481,2.0,0.0,2.0
5483,11145.901,-6.0,11616.991
5487,3.0,0.0,3.0
5488,23.0,0.0,23.0
5489,-11.0,0.0,-11.0
5490,-15.072,0.0,-15.072
5493,5.0,0.0,16.0
5498,478.905,0.0,479.113
5508,-3.0,0.0,-3.304
5511,40.997,0.0,40.997
5512,-102.865,0.0,-103.265
5514,0.0,0.0,-1.0
5529,28.0,0.0,28.0
5530,-26.66,0.0,-26.66
5536,-255.359,390.0,136.995
5543,1.0,0.0,1.0
5547,5.0,0.0,5.0
5548,9.0,0.0,9.0
5603,-4.0,0.0,-4.0
5604,-1.0,0.0,-1.0
5609,-39.67,0.0,-39.607
5701,-2.0,0.0,-2.0
5704,-1.0,0.0,-1.0
5864,2066.944,0.0,2066.944
5902,-2.0,0.0,-2.0
5903,1.118,0.0,2.118
5904,1255.703,-858.0,431.98
5905,-43.0,0.0,-43.0
6015,749.427,0.0,749.427
6016,2589.51,0.0,2589.51
6020,-3.0,0.0,-3.0
6021,-7.8,0.0,-7.8
6023,42.69,0.0,7.69
6026,405.2,-6.0,399.2
6101,50.18,0.0,50.18
6103,8.0,0.0,8.0
6104,63.001,30.0,88.984
6109,13.0,0.0,13.0
6111,5.552,0.0,5.573
6113,18.0,0.0,18.0
6114,-6.0,0.0,-6.0
6118,42.0,0.0,42.0
6121,-95.215,5.042,-91.594
6122,803.894,0.0,819.769
6123,0.0,0.0,0.0
6124,0.0,0.0,0.0
6125,95.448,0.0,95.448
6126,13.998,0.0,13.998
6127,-117.894,0.0,-143.285
6129,115.675,0.0,115.675
6130,5.0,0.0,5.0
6134,19.9,0.0,21.534
6138,-29.996,20.0,-74.74
6140,-34.36,0.0,-34.36
6143,19.438,0.0,19.436
6146,57.6,0.0,56.6
6147,-1206.096,-35.0,-1227.229
6148,-59.0,0.0,-59.0
6150,70.493,0.0,137.696
6151,17.0,0.0,17.0
6154,1.0,0.0,1.0
6156,-8.418,0.0,-8.837
6158,13.0,0.0,13.0
6160,-14.0,0.0,-14.0
6161,7.0,0.0,4.0
6163,417.0,0.0,417.034
6167,33.002,0.0,33.002
6170,-55.0,0.0,-55.0
6171,-11.0,0.0,-11.0
6173,-591.551,0.0,-622.61
6174,34.085,0.0,37.085
6175,256.375,0.0,259.375
6179,-2129.432,0.0,-2254.235
6180,47.003,0.0,47.003
6182,770.046,-2.0,1671.349
6185,27.0,0.0,27.0
6186,128.0,0.0,128.001
6187,-976.349,183.75,-786.44
6188,287.106,0.0,304.367
6190,800.086,0.0,823.375
6194,6.0,0.0,6.0
6195,-1.0,0.0,-1.0
6199,-11.092,0.0,-23.438
6203,44.0,0.0,43.244
6204,-55.151,0.0,-55.873
6207,-1752.55,0.0,-1667.952
6208,34.0,0.0,34.203
6217,629.978,0.0,631.22
6218,-341.0,0.0,-341.162
6219,0.0,0.0,0.0
6220,9.0,0.0,8.522
6221,185.0,0.0,188.0
6223,263.14,-480.4,-201.502
6227,-235.9,0.0,-279.737
6228,-5.0,0.0,-5.0
6229,-10.0,0.0,-10.0
6231,-21.822,0.0,-45.194
6233,97.0,0.0,97.0
6234,286.745,0.0,372.466
6237,21.05,0.0,21.05
6240,4.0,0.0,4.0
6241,23.0,0.0,24.0
6244,985.916,0.0,1101.773
6245,-178.273,0.0,-206.835
6246,-3.0,0.0,-3.0
6248,25.0,0.0,25.0
6259,-9.0,0.0,-13.0
6261,36.9,0.0,35.286
6263,37.12,0.0,37.12
6265,-75.0,0.0,-56.918
6266,36.0,0.0,36.379
6270,3.99,0.0,3.302
6274,658.817,-59.0,630.441
6275,86.191,0.0,87.706
6276,-2.0,0.0,-2.0
6279,119.567,-1.553,118.37
6284,-660.101,0.0,-665.188
6290,-173.126,0.0,-33.01
6291,-43.179,20.0,-8.679
6292,18.202,0.0,18.202
6294,0.0,0.0,0.0
6411,-1.0,0.0,-2.632
6417,6.0,0.0,5.744
6418,8.0,0.0,8.0
6419,75.051,0.0,75.226
6423,3.0,0.0,5.0
6425,209.326,0.0,129.009
6432,250.051,0.0,250.148
6435,-18.88,0.0,-19.224
6441,-16.185,0.0,-16.185
6461,12.0,0.0,12.0
6462,169.056,30.0,192.593
6465,23.0,0.0,22.525
6469,-15.0,0.0,-14.619
6470,5.0,0.0,5.0
6474,1.0,0.0,1.0
6485,-164.85,0.0,-136.593
6486,-0.324,0.0,-0.323
6488,3775.551,-112.2,3752.903
6492,134.9,0.0,134.9
6494,30.0,0.0,30.0
6496,10.0,0.0,10.0
6498,-17.0,0.0,-17.0
6499,182.104,0.0,182.104
6506,13.0,0.0,13.0
6508,-3.0,0.0,-3.0
6509,407.794,-7.0,385.792
6510,101.427,-228.25,-104.177
6516,-4.0,0.0,-4.0
6517,-0.589,0.0,-0.589
6523,20.0,0.0,20.0
6527,-1.0,0.0,-1.0
6530,16.852,0.0,16.57
6532,276.44,0.0,299.423
6535,83.927,-40.0,44.658
6538,-141.987,0.0,-153.842
6546,43.0,0.0,43.74
6547,1691.705,0.0,1609.705
6548,65.116,-3.0,81.116
6556,0.0,0.0,0.0
6560,-7.0,0.0,-7.0
6561,-46.134,0.0,-39.395
6568,-81.917,0.0,-80.761
6569,-1.0,0.0,-1.0
6570,-7.0,0.0,-7.0
6574,8.0,0.0,8.0
6576,-5.589,0.0,-5.589
6577,-1.0,0.0,-2.0
6578,11.0,0.0,11.0
6584,-25.0,-0.5,-26.33
6588,-11.972,0.0,-10.915
6590,-2.2,0.0,-2.2
6593,1.0,0.0,1.0
6596,44.2,0.0,44.2
6603,-158.623,0.0,-200.482
6609,3.0,0.0,3.0
6612,13.0,0.0,16.0
6613,34.851,0.0,35.851
6615,1.0,0.0,1.0
6616,0.0,0.0,0.0
6617,38.54,0.0,38.54
6620,-898.758,0.0,-793.569
6624,-2.0,0.0,-2.0
6637,0.0,0.0,0.0
6640,-61.306,0.0,-69.66
6642,20.032,0.0,19.572
6643,60.631,0.0,215.116
6649,-1.0,0.0,-1.0
6651,3.1,0.0,3.755
6654,7.0,0.0,5.479
6664,114.682,0.0,118.879
6667,5.704,0.0,5.458
6679,-77.0,30.0,-49.061
6680,0.0,0.0,0.0
6683,-296.757,-0.1,-294.577
6684,-31.992,0.0,-31.992
6690,74.0,0.0,74.0
6693,-211.259,0.0,-394.199
6697,-1.0,0.0,-1.0
6703,-18.6,0.0,-18.6
6708,0.0,0.0,-92.067
6712,71.035,0.0,71.035
6716,27.788,0.0,27.788
6720,-3.0,0.0,-3.23
6725,4.0,0.0,3.449
6727,-71.718,0.0,-67.376
6728,1.0,0.0,1.0
6732,10.11,0.0,10.67
6733,-25.0,0.0,-25.0
6735,36.0,0.0,36.8
6739,-17.921,0.0,-27.545
6741,-215.94,0.0,-216.942
6751,-1.0,0.0,-1.0
6752,-1.0,0.0,0.0
6761,-6.0,0.0,-5.686
6763,49.0,0.0,48.506
6785,-13.0,0.0,-13.05
6788,65.306,0.0,60.988
6791,2.0,0.0,2.0
6803,-9.0,0.0,-9.0
6804,30.0,0.0,30.0
6811,-108.622,0.0,-108.356
6821,84.0,0.0,83.0
6823,-22.0,0.0,-21.596
6829,-84.9,0.0,-88.063
6840,-51.408,0.0,-38.408
6841,74.0,0.0,82.2
6843,1.0,0.0,1.0
6846,1.0,0.0,1.0
6859,1.084,0.0,1.084
6865,-2.0,0.0,-2.0
6870,-38.918,0.0,-41.128
6872,-26.0,0.0,-26.0
6874,0.0,0.0,0.0
6875,-132.0,0.0,-132.0
6877,-8.86,0.0,-9.951
6884,-1.0,0.0,-1.0
6894,3.0,0.0,3.555
6895,6.0,0.0,5.497
6899,0.0,0.0,0.0
6903,128.495,0.0,142.815
6907,72.971,30.0,94.266
6910,2.0,0.0,2.0
6913,-13.684,0.0,-13.935
6922,15.716,0.0,16.345
6925,26.21,0.0,24.028
6945,15.9,0.0,15.9
6953,7.0,0.0,20.303
6961,2.0,0.0,2.0
6967,9.95,0.0,9.95
6968,-1.0,0.0,-1.0
6971,2.0,0.0,2.0
6982,-1.0,0.0,-1.0
6983,14.0,0.0,14.0
6986,-2.0,0.0,-2.0
6996,-1.315,0.0,-1.315
7402,6.15,0.0,7.762
7547,-6.0,0.0,-6.0
7556,-5.0,0.0,-3.862
7642,2.0,0.0,2.0
7703,14.92,0.0,14.92
7704,-14.0,0.0,-14.0
7709,21.1,0.0,21.369
7712,39.073,0.0,39.021
7713,1.0,0.0,1.0
7714,31.891,0.0,35.045
7715,-34.0,0.0,-34.0
7717,2.04,0.0,8.689
7718,0.0,0.0,0.0
7723,0.0,0.0,0.0
7728,45.0,0.0,46.604
7734,-7.048,-17.1,-23.742
7738,0.0,0.0,0.0
7743,-1.0,0.0,-1.0
7744,7.02,0.0,6.62
7751,-39.05,58.0,30.768
7753,0.0,0.0,0.0
7757,-3.0,0.0,-3.0
7770,7.0,0.0,-1.0
7772,-2.0,0.0,-1.0
7777,678.197,0.0,751.723
7792,-37.097,0.0,-28.855
7794,1.0,0.0,1.0
7805,-5.0,0.0,-5.0
7810,89.83,0.0,107.815
7814,4.0,0.0,2.0
7819,5.0,0.0,5.0
7820,4.0,0.0,4.0
7825,49.0,0.0,49.0
7828,-76.005,0.0,-75.747
7839,2.0,0.0,2.0
7842,-2.0,0.0,-2.0
7856,-39.171,43.85,8.679
8024,12.0,0.0,14.0
8027,-93.518,0.0,-86.182
8032,17.0,0.0,17.0
8034,4.0,0.0,4.0
8038,187.0,0.0,187.0
8040,-199.44,0.0,-241.593
8042,-18.795,0.0,-45.822
8043,53.72,0.0,17.247
8044,47.032,0.0,45.032
8047,-47.0,0.0,-47.0
8048,-8.0,0.0,-7.901
8049,-4.0,0.0,-4.0
8050,-1268.376,0.0,-1290.913
8054,90.825,30.0,120.265
8059,-0.739,0.0,-0.739
8064,27.973,0.0,-35.467
8066,2.0,0.0,2.0
8068,5.0,0.0,5.0
8069,-26.699,-4.0,-39.187
8071,145.157,0.0,145.157
8074,100.11,0.0,91.738
8076,136.662,0.0,136.662
8083,-3.0,0.0,-3.0
8084,198.0,0.0,198.0
8085,13.996,0.0,13.996
8086,-360.18,-24.437,-363.455
8087,-1.0,0.0,-1.0
8088,89.008,0.0,88.957
8089,44.0,0.0,44.0
8091,-30.466,0.0,-33.43
8092,-5.0,0.0,-5.0
8093,-2.0,0.0,-2.089
8096,-707.784,0.0,-692.045
8097,16.0,0.0,15.996
8099,-11.0,0.0,-11.051
8102,0.0,0.0,0.0
8107,-1.0,0.0,-1.0
8109,72.11,-3.0,85.206
8111,-145.09,0.0,-176.047
8121,-193.646,0.0,-194.635
8147,-151.762,0.0,-125.366
8155,-21.4,0.0,-53.769
8171,80.0,0.0,80.0
8176,0.0,0.0,0.0
8182,186.34,0.0,187.017
8227,16.99,0.0,-3.794
8234,68.4,0.0,68.39
8240,363.802,0.0,489.974
8255,284.886,0.0,278.876
8277,-4.0,0.0,-4.0
8279,0.0,0.0,0.0
8284,5.0,0.0,9.0
8289,39.472,0.0,39.589
8291,15.0,0.0,15.0
8299,325.972,3.9,346.553
8349,55.0,0.0,55.0
8354,0.0,0.0,0.0
8358,-849.05,-57.0,-1156.375
8383,207.46,0.0,211.215
8390,-9.0,0.0,-11.873
8403,36.0,0.0,36.0
8410,-1.0,0.0,-1.523
8415,-8.119,0.0,-8.676
8421,9.0,0.0,9.0
8423,1.0,0.0,1.0
8424,-1.0,0.0,-1.0
8426,13.0,0.0,13.0
8431,-53.284,0.0,-53.284
8432,14.0,0.0,14.0
8433,-1.0,0.0,-1.0
8435,11.0,0.0,11.0
8436,13.0,-1.323,11.652
8437,1.0,0.0,1.0
8440,8.0,0.0,8.0
8446,31.0,0.0,31.0
8450,1.0,0.0,1.0
8472,-1.0,0.0,-1.0
8489,7.0,0.0,7.179
8906,-2.0,0.0,-2.0
8908,5.0,0.0,5.0
8916,4.0,0.0,4.0
8917,-1.0,0.0,0.0
8924,5.0,0.0,5.0
8927,19.0,0.0,19.0
8928,-1.0,0.0,-1.0
8929,-2.0,0.0,-2.0
8930,1.0,0.0,1.0
8931,-16.0,0.0,-16.0
8932,-56.81,0.0,-95.755
8933,9.0,0.0,9.0
8935,-63.0,0.0,-63.0
8936,531.998,-3.208,529.79
8937,66.0,0.0,66.0
8938,13.0,0.0,12.973
8941,-1.0,0.0,-1.0
8942,-44.0,0.0,-44.13
9949,0.964,0.0,0.964
9950,-2.0,0.0,-2.0
9951,0.0,0.0,-54.0
9960,-13.0,0.0,-13.0
9962,9.0,0.0,9.0
