rank,code,name,industry,close,chg,turnover,pe,rev_yoy,rev_yoy_3m,foreign_20d,hi52_dist,tpl,rs
1,2330,台積電,半導體業,2585.0,0.0,544.2,29.96,53.32,55.29,-18693,-0.2,True,74.0
2,2454,聯發科,半導體業,4835.0,-1.73,378.3,79.85,44.08,19.67,-2655,-11.8,True,96.0
3,2303,聯電,半導體業,148.5,0.68,275.2,22.33,30.71,25.63,-106032,-19.9,True,91.0
4,2327,國巨*,電子零組件業,647.0,3.52,247.8,43.57,51.8,49.81,-15300,-47.0,False,85.0
5,2308,台達電,電子零組件業,1990.0,-2.93,223.8,63.34,34.95,46.03,-6411,-23.0,False,71.0
6,2408,南亞科,半導體業,514.0,-2.1,223.2,19.95,560.85,619.03,39417,-9.7,True,94.0
7,2409,友達,光電業,37.95,1.34,201.7,158.13,-5.86,1.78,-4697,-12.9,True,93.0
8,1303,南亞,塑膠工業,314.0,7.17,183.0,50.65,46.75,41.02,-15682,-2.5,True,98.0
9,3189,景碩,半導體業,1100.0,2.8,178.0,204.08,40.58,40.29,27352,-4.3,True,97.0
10,3037,欣興,電子零組件業,1305.0,-0.38,170.5,86.88,56.26,45.42,36522,-8.1,True,95.0
11,4958,臻鼎-KY,電子零組件業,595.0,3.66,165.6,70.41,41.05,,11612,-9.7,True,93.0
12,2344,華邦電,半導體業,179.5,1.13,160.2,19.79,289.43,279.21,93250,-23.1,True,87.0
13,3105,穩懋,半導體業,588.0,-0.68,144.4,69.1,30.55,30.56,41210,-7.7,False,90.0
14,6274,台燿,電子零組件業,1720.0,-1.99,141.9,87.35,132.48,122.93,4146,-10.4,True,92.0
15,8046,南電,電子零組件業,1480.0,-1.66,140.3,173.91,40.59,49.55,17157,-5.1,True,94.0
16,3008,大立光,光電業,6845.0,-0.15,134.0,36.41,-16.23,-11.4,-2767,-14.4,True,97.0
17,6488,環球晶,半導體業,1215.0,0.83,130.0,58.98,7.61,4.69,-13763,-24.1,True,94.0
18,2383,台光電,電子零組件業,5950.0,-0.75,119.2,93.04,129.85,142.7,1449,-8.0,True,90.0
19,2492,華新科,電子零組件業,428.0,9.88,118.2,48.09,45.54,37.78,4024,-33.6,False,95.0
20,6213,聯茂,電子零組件業,796.0,1.14,114.8,123.41,97.93,101.84,2563,-2.7,True,99.0
21,3443,創意,半導體業,8460.0,1.01,114.0,216.87,111.02,122.39,-415,-3.3,True,98.0
22,3481,群創,光電業,52.5,2.74,109.3,67.31,0.02,5.11,-1296,-27.7,False,82.0
23,2368,金像電,電子零組件業,1245.0,-1.19,105.9,44.69,76.39,77.33,-19746,-21.2,False,75.0
24,3017,奇鋐,電腦及週邊設備業,3545.0,-3.8,102.1,47.25,54.34,52.21,-220,-4.2,True,92.0
25,3711,日月光投控,半導體業,732.0,-1.61,100.7,52.97,45.66,40.55,43564,-3.4,True,90.0
26,3081,聯亞,通信網路業,3140.0,7.53,99.1,270.22,180.9,182.53,-5143,-12.8,True,95.0
27,3661,世芯-KY,半導體業,4190.0,0.24,96.1,61.45,273.61,,380,-25.7,False,78.0
28,6147,頎邦,半導體業,231.5,6.93,95.1,55.92,43.61,36.61,675,-26.2,False,93.0
29,6182,合晶,半導體業,135.0,5.47,91.1,586.96,19.97,17.65,-63,-30.6,False,97.0
30,3026,禾伸堂,電子零組件業,839.0,5.4,86.3,81.85,33.22,32.45,-7424,-19.7,True,98.0
31,6770,力積電,半導體業,72.6,-2.29,85.9,24.2,76.19,71.83,84862,-23.2,True,71.0
32,2317,鴻海,其他電子業,252.0,-1.56,85.8,16.61,51.98,48.19,-56909,-19.7,True,72.0
33,3665,貿聯-KY,其他電子業,2315.0,-0.43,85.8,42.51,53.99,,1142,-23.1,True,74.0
34,2345,智邦,通信網路業,2015.0,-1.71,85.0,31.66,59.42,65.74,-108,-28.7,False,37.0
35,3231,緯創,電腦及週邊設備業,185.0,-2.37,82.2,14.69,166.48,93.69,-87353,-10.2,True,83.0
36,6669,緯穎,電腦及週邊設備業,2240.0,-2.18,81.8,7.18,50.36,39.79,-5212,-22.1,True,92.0
37,8358,金居,電子零組件業,549.0,-0.36,78.4,81.82,59.71,52.64,-8373,-27.6,False,90.0
38,3653,健策,電子零組件業,6805.0,-3.88,74.8,153.58,90.9,87.27,-748,-8.5,True,96.0
39,2449,京元電子,半導體業,299.5,0.5,74.4,39.25,31.58,30.92,7526,-18.5,False,47.0
40,1815,富喬,電子零組件業,132.5,4.33,69.9,38.41,79.21,64.55,-75869,-6.4,True,87.0
41,8299,群聯,半導體業,2060.0,-1.44,69.3,9.44,376.52,351.69,1844,-28.5,False,61.0
42,2360,致茂,其他電子業,2400.0,2.13,61.7,61.22,156.3,179.33,4119,-14.1,True,85.0
43,2481,強茂,半導體業,178.5,1.42,61.6,47.35,29.82,29.38,-2253,-23.2,True,68.0
44,7769,鴻勁,半導體業,5885.0,-0.34,61.3,60.76,91.58,97.54,-306,-30.5,,69.0
45,8039,台虹,電子零組件業,304.5,3.05,60.5,96.67,-13.83,-12.96,-18686,-16.3,True,97.0
46,3406,玉晶光,光電業,1085.0,3.83,59.9,29.36,0.72,2.28,-9010,-4.8,True,96.0
47,8150,南茂,半導體業,128.5,0.78,59.9,40.03,33.27,38.02,67605,-3.4,True,92.0
48,2059,川湖,電子零組件業,11790.0,-10.0,58.4,65.0,344.42,298.72,-209,-21.8,False,97.0
49,2313,華通,電子零組件業,246.0,-2.38,57.8,39.61,6.87,12.62,9758,-19.5,False,56.0
50,3324,雙鴻,其他電子業,1525.0,-0.33,56.1,35.17,67.18,69.03,-4204,-12.9,True,93.0
