code,pe,yield,pb
1101,,3.16,0.82
1102,9.75,6.52,0.68
1103,9.7,4.0,0.49
1104,9.83,6.97,0.74
1108,16.18,9.09,0.81
1109,19.28,6.77,0.55
1110,23.15,2.09,0.86
1201,18.85,1.83,0.73
1203,20.62,2.31,1.58
1210,12.68,5.81,1.69
1213,,0.0,0.66
1215,12.15,6.64,2.84
1216,17.85,4.06,3.08
1217,15.0,2.53,0.64
1218,,9.13,0.61
1219,,4.41,0.97
1220,153.57,1.86,0.83
1225,116.19,0.0,1.57
1227,17.39,4.79,1.39
1229,15.88,5.06,1.13
1231,16.11,3.14,3.17
1232,17.05,4.68,4.47
1233,30.0,0.72,1.78
1234,20.06,5.02,0.72
1235,,3.04,0.56
1236,,6.51,0.84
1256,10.83,3.92,1.44
1301,39.39,0.77,0.72
1303,39.84,0.32,4.1
1304,,1.22,0.75
1305,,0.83,0.91
1307,9.21,7.13,1.23
1308,,1.42,0.78
1309,,1.1,1.01
1310,,0.0,0.75
1312,,0.0,0.56
1313,,0.83,0.53
1314,,0.0,0.44
1315,27.91,6.61,0.48
1316,,0.0,0.87
1319,12.63,6.43,1.7
1321,248.85,0.0,1.18
1323,16.69,4.25,0.73
1324,,0.0,0.84
1325,,0.0,0.85
1326,28.6,0.89,0.76
1337,,0.0,0.33
1338,,2.1,0.2
1339,7.28,5.91,0.76
1340,,0.0,0.3
1341,12.2,6.67,2.56
1342,14.29,5.94,3.5
1402,14.38,4.5,0.64
1409,11.07,3.7,0.82
1410,33.01,0.83,1.42
1413,29.29,0.0,1.04
1414,31.25,1.14,1.16
1416,9.62,5.02,0.47
1417,15.76,3.11,0.65
1418,,0.0,0.87
1419,4.72,2.74,0.86
1423,10.07,10.48,1.0
1432,2.93,13.38,1.22
1434,19.57,2.78,0.62
1435,,0.0,3.31
1436,12.59,14.23,1.24
1437,7.36,3.01,0.75
1438,8.17,0.95,0.75
1439,9.17,1.78,0.86
1440,443.33,2.26,0.77
1441,,0.0,2.0
1442,15.73,8.92,1.33
1443,11.33,0.0,1.3
1444,,0.0,0.68
1445,,5.0,0.61
1446,14.2,11.24,0.69
1447,,0.0,0.68
1449,,0.0,0.64
1451,11.19,5.92,0.45
1452,,1.87,0.52
1453,15.43,2.78,0.81
1454,,0.82,1.14
1455,18.26,1.65,0.83
1456,5.03,0.0,0.75
1457,10.59,6.99,0.63
1459,6.2,1.25,1.23
1460,,0.0,0.75
1463,,0.74,1.17
1464,11.98,2.52,0.78
1465,19.91,2.6,0.77
1466,,1.35,1.05
1467,30.88,0.0,0.65
1468,14.78,0.0,1.45
1470,18.04,2.77,1.99
1471,46.5,0.0,0.96
1472,13.77,6.81,2.13
1473,55.14,2.59,0.73
1474,37.22,2.49,0.6
1475,6.63,5.81,1.12
1476,11.31,5.49,2.58
1477,12.97,7.89,3.4
1503,26.72,2.58,2.61
1504,24.82,2.92,1.67
1506,191.4,0.0,1.03
1512,32.21,0.0,0.89
1513,18.79,3.59,3.96
1514,27.95,2.16,4.39
1515,19.66,2.05,1.36
1516,1350.0,0.0,2.68
1517,,1.93,0.68
1519,45.03,1.74,23.61
1521,16.07,2.94,1.04
1522,27.66,4.52,0.95
1524,12.67,5.42,1.44
1525,43.33,4.4,0.94
1526,,0.0,0.66
1527,15.45,4.6,0.94
1528,,0.0,2.3
1529,23.77,6.47,1.32
1530,14.07,3.78,0.77
1531,42.96,8.62,0.61
1532,17.97,3.62,0.61
1533,11.3,0.0,1.21
1535,12.05,6.59,1.51
1536,,0.0,1.75
1537,13.97,6.23,2.24
1538,,0.0,2.28
1539,18.39,0.0,0.63
1540,15.86,5.17,1.17
1541,7.78,0.0,0.76
1558,14.2,4.39,1.41
1560,81.29,0.52,15.78
1563,71.79,2.63,2.0
1568,17.14,3.09,1.76
1582,21.84,4.28,1.37
1583,10.72,2.13,0.91
1587,113.57,0.0,1.18
1590,23.25,2.41,4.41
1597,71.81,0.48,5.17
1598,,2.46,0.8
1603,10.77,6.66,0.59
1604,13.31,6.44,0.94
1605,11.02,1.38,0.79
1608,3.05,5.68,1.32
1609,14.21,1.82,1.62
1611,25.22,7.05,0.91
1612,9.06,7.07,1.19
1614,24.64,3.12,1.42
1615,8.24,6.1,1.78
1616,41.59,7.43,1.69
1617,16.1,2.74,1.6
1618,7.91,4.43,1.09
1623,15.94,4.04,3.19
1626,,0.0,0.53
1702,49.92,4.86,0.68
1707,11.08,6.98,1.24
1708,12.59,3.08,1.7
1709,21.89,2.27,2.33
1710,,0.0,1.31
1711,311.92,0.0,2.49
1712,14.94,6.31,2.03
1713,8.82,7.42,1.72
1714,13.35,1.14,1.16
1717,38.16,1.38,2.73
1718,17.88,0.0,0.59
1720,9.76,5.35,1.62
1721,,0.0,3.0
1722,48.99,4.86,0.76
1723,25.72,2.31,2.32
1725,13.88,3.15,0.72
1726,11.89,4.86,1.17
1727,171.74,0.13,7.02
1730,10.71,5.86,1.6
1731,13.81,5.85,1.26
1732,21.1,2.31,2.18
1733,15.5,4.41,1.58
1734,17.35,4.98,1.77
1735,17.14,3.24,1.29
1736,11.57,3.52,2.83
1737,15.36,4.67,0.89
1752,15.44,5.1,1.32
1760,21.47,3.71,2.47
1762,,0.0,0.81
1773,20.89,2.39,4.39
1776,20.0,3.3,1.23
1783,11.28,5.46,2.19
1786,17.48,4.48,1.74
1789,371.0,1.56,1.4
1795,12.54,1.52,1.94
1802,66.98,0.0,3.24
1805,83.75,0.0,0.83
1806,49.63,1.89,0.58
1808,7.47,4.75,2.04
1809,225.0,0.56,2.57
1810,6.48,0.84,0.84
1817,7.94,5.52,1.25
1903,34.56,0.0,2.22
1904,11.18,1.86,0.88
1905,,0.0,0.83
1906,17.7,0.0,0.6
1907,16.41,3.58,0.51
1909,43.7,0.0,0.62
2002,,0.8,0.95
2006,11.34,5.04,1.83
2007,,0.0,0.93
2008,47.66,3.28,1.41
2009,38.01,1.02,1.61
2010,8.94,8.91,1.16
2012,,2.12,1.05
2013,12.6,5.83,1.49
2014,,0.0,1.96
2015,14.74,5.23,1.66
2017,,0.0,0.59
2020,11.74,7.41,1.52
2022,,0.0,0.74
2023,,0.0,0.78
2024,43.97,0.0,1.09
2025,10.35,0.0,1.11
2027,9.3,3.18,1.39
2028,38.6,1.2,1.12
2029,18.46,2.71,0.7
2030,17.04,1.5,1.73
2031,7.07,5.47,1.23
2032,13.63,2.51,1.44
2033,113.24,0.0,2.91
2034,55.71,4.27,1.37
2038,,0.0,0.64
2049,50.83,0.6,3.03
2059,66.79,0.42,34.2
2062,64.29,5.56,0.47
2069,10.35,3.77,1.0
2072,8.9,5.38,1.05
2101,5.19,2.35,1.43
2102,1.9,0.0,0.78
2103,11.0,0.99,1.02
2104,,0.0,0.45
2105,16.54,5.98,1.12
2106,35.0,3.95,0.79
2107,14.18,5.22,0.54
2108,15.84,3.55,0.94
2109,10.4,6.97,1.13
2114,14.31,5.57,2.31
2115,15.0,6.33,0.75
2201,32.81,1.92,0.48
2204,8.47,6.92,0.75
2206,10.47,4.9,1.84
2207,12.44,3.95,3.29
2208,38.98,0.0,3.2
2211,10.68,8.25,1.19
2227,,1.88,0.76
2228,18.47,6.0,1.21
2231,,0.54,3.69
2233,24.74,2.38,2.45
2236,,0.61,2.79
2237,8.73,0.0,2.2
2239,,0.0,0.19
2241,,0.0,3.51
2243,48.1,0.0,3.65
2247,16.09,6.5,1.41
2248,8.51,5.06,1.66
2250,21.76,5.28,1.03
2254,,0.0,6.05
2258,,0.0,4.75
2301,32.87,1.78,6.66
2302,42.34,0.77,4.1
2303,23.08,1.7,4.34
2305,84.27,0.0,5.75
2308,58.4,0.63,16.23
2312,25.8,1.95,1.91
2313,36.39,1.24,5.54
2314,,0.0,40.93
2316,11.32,1.23,2.04
2317,16.51,2.86,1.84
2321,625.0,0.0,4.01
2323,3.53,1.87,0.58
2324,18.12,3.05,1.11
2327,36.9,1.09,6.37
2328,109.3,1.91,1.67
2329,19.55,2.28,1.76
2330,28.69,0.89,9.98
2331,18.51,0.0,0.96
2332,,0.0,1.46
2337,28.08,0.0,3.79
2338,,0.0,2.5
2340,,0.0,2.62
2342,,0.0,3.43
2344,19.18,0.29,4.75
2345,28.44,0.83,14.65
2347,12.93,4.44,1.82
2348,16.83,7.8,1.66
2349,,0.0,1.29
2351,55.12,0.48,5.11
2352,37.66,3.45,1.15
2353,18.69,4.14,1.22
2354,27.58,2.3,0.81
2355,21.89,2.4,0.94
2356,19.1,3.38,2.73
2357,14.08,4.36,2.37
2359,19.15,0.78,3.44
2360,55.74,0.89,28.06
2362,7.68,4.28,0.58
2363,109.63,1.03,0.62
2364,10.96,4.62,3.79
2365,51.09,1.07,2.02
2367,,0.47,2.42
2368,40.2,0.88,13.74
2369,,0.0,2.41
2371,,0.0,1.25
2373,14.04,7.05,1.59
2374,20.43,3.01,2.51
2375,28.25,1.02,1.2
2376,13.55,3.31,3.65
2377,13.1,2.78,2.2
2379,27.56,3.29,7.77
2380,,0.0,1.68
2382,14.66,4.64,5.32
2383,76.94,0.51,30.22
2385,11.73,6.89,1.71
2387,12.16,11.03,0.67
2388,44.5,0.07,1.78
2390,,0.0,0.83
2392,5.26,2.45,0.66
2393,13.56,7.08,1.47
2395,46.23,1.53,11.47
2397,23.08,3.89,2.14
2399,12.39,0.0,3.09
2401,260.5,0.0,1.81
2402,34.07,3.51,2.4
2404,18.4,3.28,12.86
2405,,0.66,1.51
2406,168.33,0.0,2.87
2408,19.64,0.27,5.41
2409,146.04,1.14,1.71
2412,28.29,3.61,3.05
2413,13.6,0.98,2.87
2414,12.92,5.65,2.72
2415,17.36,5.83,1.42
2417,27.84,0.65,1.79
2419,725.0,0.0,1.93
2420,12.06,5.57,2.11
2421,17.58,3.2,4.44
2423,17.06,3.47,3.49
2424,,0.0,1.92
2425,21.04,0.27,1.44
2426,998.0,0.1,7.82
2427,16.37,3.01,1.32
2428,17.87,2.35,2.73
2429,,0.0,3.69
2430,36.94,4.42,0.49
2431,,0.0,1.03
2432,12.57,6.15,1.47
2433,13.29,6.75,1.77
2434,,0.0,5.35
2436,13.95,2.58,3.19
2438,,0.0,3.53
2439,14.25,5.22,1.16
2440,101.07,0.0,1.09
2441,22.59,2.47,2.52
2442,2.82,19.09,0.67
2444,,0.0,2.29
2449,38.6,0.51,5.75
2450,17.41,5.5,1.17
2451,4.98,4.12,3.21
2453,16.93,5.23,2.52
2454,81.09,1.09,18.47
2455,133.09,0.48,27.49
2457,,0.0,1.04
2458,12.64,5.2,3.47
2459,11.61,6.47,1.15
2460,,0.0,3.1
2461,39.55,0.0,0.94
2462,32.54,1.01,0.91
2464,505.26,0.24,7.29
2465,33.91,0.0,6.33
2466,72.29,0.0,10.16
2467,54.29,1.01,5.42
2468,33.86,2.17,2.58
2471,10.6,6.45,2.8
2472,21.69,1.64,3.68
2474,13.67,5.0,0.8
2476,20.24,2.39,2.99
2477,26.25,6.06,0.9
2478,24.18,1.7,2.31
2480,18.21,4.89,5.18
2481,46.55,1.03,4.45
2482,,0.61,1.15
2483,130.0,0.92,1.28
2484,55.32,0.91,2.99
2485,45.17,0.0,2.36
2486,204.31,0.21,9.22
2488,10.0,6.16,1.4
2489,29.57,2.92,1.9
2491,1.26,0.0,0.81
2492,33.93,0.83,2.21
2493,37.48,2.04,8.06
2495,19.19,2.05,2.35
2496,9.15,9.07,1.26
2497,13.67,4.59,1.95
2498,16.6,1.16,1.37
2501,7.37,5.67,0.76
2504,9.58,8.51,1.39
2505,8.56,5.9,0.6
2506,23.36,2.38,0.38
2509,,0.0,0.82
2511,23.77,3.61,0.53
2514,29.23,0.0,0.33
2515,24.58,4.24,0.82
2516,9.93,0.0,1.53
2520,11.01,4.38,0.91
2524,41.77,0.0,0.59
2527,8.5,3.1,0.34
2528,7.85,15.54,1.12
2530,30.45,11.49,1.69
2534,338.0,8.88,0.56
2535,8.73,5.16,2.14
2536,4.61,10.44,0.5
2537,28.13,0.0,0.74
2538,14.52,5.74,0.71
2539,8.08,8.24,2.03
2540,,12.61,4.18
2542,8.94,10.36,1.65
2543,13.2,4.01,2.1
2545,35.68,8.26,0.88
2546,7.09,5.66,2.11
2547,82.08,8.12,0.76
2548,7.45,9.22,1.42
2597,14.32,5.79,6.98
2603,9.44,6.72,0.92
2605,7.22,2.82,1.07
2606,10.83,3.81,1.54
2607,10.6,5.08,0.9
2608,14.87,5.78,1.09
2609,13.15,3.42,0.62
2610,9.31,4.03,1.23
2611,7.94,3.7,0.96
2612,11.81,3.62,0.87
2613,16.5,4.56,0.93
2614,9.2,6.37,1.39
2615,7.62,2.7,1.08
2616,,2.27,0.73
2617,8.4,4.8,0.73
2618,8.74,4.82,1.61
2630,81.23,1.94,2.87
2633,20.86,4.52,2.04
2634,30.48,1.24,3.23
2636,10.0,7.1,1.0
2637,10.57,3.68,1.43
2642,,2.46,1.06
2645,21.94,2.91,4.8
2646,,0.0,1.96
2701,17.37,2.73,0.54
2702,15.62,0.0,0.6
2704,16.92,1.11,0.51
2705,20.34,0.0,0.58
2706,17.79,2.89,0.59
2707,12.12,6.14,5.73
2712,,0.0,1.4
2722,,0.0,1.22
2723,,0.0,1.28
2727,13.06,6.86,4.58
2731,8.8,8.95,2.99
2739,9.0,7.12,2.03
2748,15.24,4.52,1.39
2753,12.76,6.7,3.16
2762,12.01,7.53,3.21
2801,16.18,3.82,1.41
2812,11.19,5.64,1.18
2816,3.47,3.76,0.92
2820,9.97,5.34,0.81
2832,9.45,6.16,1.19
2834,12.94,5.68,1.11
2836,15.79,3.75,0.81
2838,13.17,5.16,1.07
2845,12.97,4.81,0.89
2849,15.98,3.29,0.84
2850,10.47,4.52,2.31
2851,4.46,4.68,1.43
2852,8.5,5.99,0.9
2855,5.76,3.8,1.85
2880,19.44,3.23,2.58
2881,14.16,2.81,1.87
2882,13.15,3.14,1.61
2883,13.62,2.57,1.54
2884,18.63,3.12,2.58
2885,16.09,3.2,2.39
2886,19.11,3.56,1.81
2887,15.48,2.63,1.54
2889,13.44,3.6,1.25
2890,16.57,2.96,2.4
2891,16.44,3.64,1.96
2892,18.04,3.37,1.84
2897,13.69,4.75,0.73
2901,54.09,1.55,1.99
2903,14.7,5.71,1.03
2904,24.23,5.56,0.78
2905,6.64,1.67,0.43
2906,16.02,4.51,0.82
2908,17.64,2.53,1.53
2910,12.62,4.5,1.46
2911,1.52,0.0,0.47
2912,19.1,4.25,5.38
2913,,0.0,0.7
2915,4.21,3.25,0.38
2923,,0.5,0.9
2929,,0.0,0.23
2939,,0.0,1.71
2945,21.63,3.77,1.4
3002,189.0,1.75,1.5
3003,24.07,1.68,1.41
3004,18.27,2.17,2.0
3005,13.9,5.8,2.87
3006,8.99,0.35,4.27
3008,32.02,1.33,4.11
3010,11.17,4.24,1.19
3011,,0.0,0.97
3013,16.09,0.95,3.14
3014,14.49,5.92,3.24
3015,21.14,4.1,0.67
3016,143.75,0.29,9.62
3017,45.32,0.61,24.19
3018,,0.0,2.26
3019,22.85,3.39,2.55
3021,38.95,2.03,1.76
3022,12.35,3.76,1.44
3023,23.0,3.25,4.54
3024,355.0,1.55,1.31
3025,11.15,6.11,3.83
3026,77.66,0.73,12.78
3027,,0.0,1.11
3028,8.73,4.78,2.05
3029,16.76,4.68,3.71
3030,20.91,2.54,6.7
3031,34.34,3.2,1.87
3032,,0.0,3.03
3033,9.23,4.57,1.73
3034,18.84,4.26,4.76
3035,82.68,0.86,3.2
3036,10.65,3.76,2.12
3037,77.56,0.17,14.96
3038,13.44,5.91,1.15
3040,,10.34,1.53
3041,,0.0,2.36
3042,36.01,2.3,4.5
3043,,0.0,1.06
3044,22.32,2.44,4.92
3045,22.87,3.92,4.38
3046,11.05,5.6,2.52
3047,,0.0,1.32
3048,10.85,1.96,1.87
3049,36.82,0.0,1.19
3050,21.98,2.15,0.74
3051,12.8,2.21,1.45
3052,9.24,5.8,0.6
3054,12.1,1.36,3.08
3055,,0.25,14.14
3056,,4.48,0.79
3057,,0.0,1.77
3058,,0.0,1.04
3059,30.04,2.64,1.14
3060,40.97,0.73,1.37
3062,,0.0,1.79
3090,21.32,2.98,2.49
3092,,0.0,1.96
3094,96.29,0.42,4.78
3130,12.58,7.03,4.43
3135,6.75,2.39,3.26
3138,38.93,1.58,2.02
3149,,0.0,6.43
3150,,3.3,1.14
3164,20.75,4.82,1.09
3167,63.32,0.43,18.82
3168,14.58,7.12,1.89
3189,177.18,0.16,11.32
3209,7.6,5.49,1.9
3229,42.93,0.0,5.38
3231,14.73,2.96,3.04
3257,19.49,5.68,2.44
3266,28.65,3.64,0.78
3296,,0.0,2.1
3305,18.93,2.18,2.42
3308,14.05,0.0,1.15
3311,21.08,1.57,1.04
3312,13.26,2.55,2.31
3321,,0.0,2.33
3338,58.03,1.91,3.01
3346,,0.46,0.8
3356,4.68,5.34,1.87
3376,118.28,2.33,2.03
3380,225.71,1.58,1.87
3406,23.86,1.93,3.67
3413,14.49,3.77,1.95
3416,18.82,3.15,3.65
3419,,0.0,1.59
3432,,0.0,2.12
3437,,0.0,1.46
3443,203.15,0.25,78.87
3447,13.92,4.05,1.69
3450,106.49,0.19,13.69
3481,63.78,2.01,1.77
3494,,0.0,1.28
3501,21.68,5.33,0.63
3504,,0.0,3.19
3515,13.63,5.21,2.24
3518,17.73,0.0,2.25
3528,9.32,1.63,2.48
3530,18.84,1.37,1.83
3532,349.23,0.22,7.25
3533,20.85,2.04,4.69
3535,51.91,0.0,6.32
3543,,1.2,1.78
3545,,1.56,1.27
3550,218.33,0.0,1.61
3557,,1.32,0.75
3563,46.6,1.76,9.15
3576,33.24,0.0,2.26
3583,43.74,0.81,5.87
3588,45.13,0.93,1.84
3591,,0.0,1.29
3592,13.21,6.49,1.5
3593,,0.0,3.01
3596,11.81,5.86,2.06
3605,48.03,0.86,3.58
3607,29.15,5.84,0.97
3617,11.52,4.13,2.31
3622,8.75,7.17,0.86
3645,28.07,1.65,2.97
3652,16.43,3.55,1.32
3653,155.61,0.32,42.91
3661,54.05,0.88,5.27
3665,44.9,0.62,9.62
3669,11.0,3.08,0.86
3673,15.0,2.62,0.69
3679,9.18,8.29,1.41
3686,,0.0,1.72
3694,12.76,4.56,2.13
3701,,0.48,2.09
3702,9.85,3.17,2.06
3703,9.9,5.38,0.59
3704,12.05,0.99,1.36
3705,16.59,5.37,1.91
3706,14.09,5.07,1.37
3708,2.36,6.66,0.4
3711,49.71,0.96,7.76
3712,,0.0,1.16
3714,,1.32,1.16
3715,,0.87,3.37
3716,9.69,2.95,0.64
3717,348.13,0.72,1.65
4104,15.18,5.96,1.38
4106,13.18,4.12,0.97
4108,,0.0,1.16
4119,110.8,1.35,1.25
4133,27.64,0.54,0.97
4137,11.33,13.07,1.28
4142,,0.0,1.65
4148,11.58,3.13,0.78
4155,8.49,2.05,0.82
4164,22.99,4.13,0.7
4169,,0.22,5.05
4178,,0.0,1.74
4190,,2.0,0.92
4195,,0.0,1.9
4306,16.1,4.78,0.69
4414,54.07,1.36,0.56
4426,,0.0,0.75
4438,8.33,4.06,0.74
4439,10.29,4.2,1.06
4440,8.9,5.73,0.88
4441,9.42,6.35,1.69
4526,,3.11,1.62
4532,13.25,5.99,1.14
4536,12.19,4.95,1.55
4540,,0.0,2.07
4545,41.34,0.37,1.41
4551,18.84,2.34,2.23
4552,13.46,3.91,0.28
4555,41.19,1.2,0.99
4557,,3.99,0.95
4560,9.92,6.81,0.98
4562,,0.0,2.89
4564,,0.0,0.95
4566,29.05,0.93,1.6
4569,17.17,2.11,1.69
4571,17.04,3.46,2.43
4572,37.77,3.6,2.93
4576,73.48,0.33,6.73
4581,11.72,6.29,1.31
4582,9.69,3.56,1.12
4583,31.85,2.33,3.46
4585,104.32,0.34,4.34
4588,15.32,5.42,2.77
4590,16.67,2.6,1.36
4720,34.2,2.09,1.35
4722,69.6,0.62,5.64
4736,4.71,3.95,1.1
4737,,0.0,2.05
4739,16.12,1.2,1.6
4746,12.05,6.29,0.77
4755,25.71,3.14,1.74
4763,11.24,6.51,2.37
4764,59.03,0.55,6.13
4766,14.55,5.28,2.9
4770,27.34,2.09,2.73
4771,13.94,3.3,3.0
4807,11.66,0.0,1.46
4904,25.43,3.65,4.38
4906,335.0,1.17,1.61
4912,31.95,0.96,1.55
4915,12.83,7.2,1.47
4916,15.54,0.49,3.48
4919,,0.0,3.67
4927,,0.0,2.76
4930,,3.79,0.4
4934,,0.0,1.86
4935,24.55,3.06,0.53
4938,15.31,4.42,1.17
4942,11.02,6.26,0.49
4943,,0.0,21.15
4949,19.95,1.84,2.92
4952,27.64,2.03,2.42
4956,97.87,0.0,2.73
4958,58.99,0.69,3.58
4960,,0.0,1.88
4961,20.73,4.18,1.28
4967,4.04,3.17,2.07
4968,25.08,1.72,3.17
4976,,0.0,2.46
4977,50.6,1.29,3.24
4989,,0.0,5.48
4994,57.96,3.65,6.29
4999,,1.41,0.42
5007,15.65,5.42,2.38
5203,13.08,6.3,1.03
5215,9.49,5.36,0.66
5222,54.71,2.39,3.26
5225,8.33,13.04,1.37
5234,38.42,2.02,9.98
5236,13.19,6.64,3.29
5243,16.93,2.48,1.73
5244,,1.13,1.38
5258,9.32,2.45,1.01
5269,15.73,3.08,3.05
5283,8.09,3.8,0.92
5284,19.0,1.67,4.25
5285,29.29,1.66,3.0
5288,12.43,3.49,2.05
5292,21.13,2.97,4.81
5306,12.55,4.23,1.18
5388,16.04,3.49,1.33
5434,20.21,2.49,4.77
5469,13.63,3.42,0.58
5471,31.75,1.52,2.45
5484,29.07,0.0,4.75
5515,5.34,6.26,1.82
5519,5.02,15.2,0.97
5521,11.05,1.43,0.88
5522,6.05,9.06,1.0
5525,5.66,5.47,1.14
5531,62.27,0.0,0.68
5533,23.47,4.33,0.42
5534,12.95,6.9,1.09
5538,8.14,4.24,0.89
5546,,7.09,0.64
5607,14.22,3.47,1.72
5608,167.0,0.0,0.67
5706,11.29,10.34,2.15
5871,9.89,5.61,1.07
5876,13.8,3.68,1.11
5880,17.03,4.03,1.41
5906,817.0,1.71,2.8
5907,,0.0,0.26
6005,5.88,5.4,1.32
6024,8.29,5.76,1.39
6108,122.0,4.1,1.16
6112,14.61,3.48,2.06
6115,12.87,6.36,1.61
6116,,0.0,1.14
6117,13.07,3.24,2.58
6120,9.6,1.92,0.79
6128,,2.62,0.86
6133,25.68,3.51,2.19
6136,33.72,4.65,0.64
6139,14.75,3.14,8.33
6141,,0.0,10.0
6142,,0.0,1.06
6152,,0.0,1.9
6153,,0.0,1.31
6155,35.56,1.25,3.45
6164,47.69,0.0,1.04
6165,12.43,10.24,2.77
6166,25.76,0.89,4.77
6168,141.25,0.0,2.59
6176,11.15,3.88,1.14
6177,5.1,6.49,1.82
6183,20.11,3.92,5.05
6184,17.28,7.48,1.29
6189,12.4,5.38,2.19
6191,14.48,3.13,1.13
6192,10.59,5.3,1.4
6196,24.64,1.19,6.71
6197,26.97,2.17,6.93
6201,13.73,7.01,1.46
6202,48.67,1.16,3.33
6205,31.18,2.11,2.19
6206,15.8,3.85,3.9
6209,35.28,0.61,3.98
6213,96.12,0.48,9.98
6214,17.65,3.17,2.8
6215,28.93,1.03,4.8
6216,52.7,5.28,1.15
6224,67.67,1.54,3.05
6225,,0.0,18.1
6226,,0.0,4.2
6230,,0.0,1.66
6235,24.13,3.09,1.54
6239,27.82,1.6,3.63
6243,,0.0,2.4
6257,27.66,1.8,4.48
6269,,0.0,1.01
6271,25.53,1.32,1.74
6272,14.27,7.95,1.12
6277,18.53,4.56,1.91
6278,21.88,2.57,2.7
6281,13.73,6.45,1.82
6282,35.08,1.87,1.61
6283,,0.0,1.68
6285,25.47,1.85,3.14
6405,,0.0,0.91
6409,33.98,4.19,9.73
6412,12.21,4.99,1.92
6414,16.53,3.46,2.1
6415,41.52,0.62,3.94
6416,21.64,2.41,2.36
6426,89.39,0.14,13.65
6431,,0.0,3.38
6438,28.08,3.09,2.1
6442,44.38,0.75,9.01
6443,,0.0,4.23
6446,58.52,0.22,12.13
6449,22.88,2.04,2.7
6451,382.11,0.05,5.52
6456,,0.0,1.01
6464,16.84,2.28,1.17
6472,34.83,2.37,3.56
6477,1136.67,1.03,1.34
6491,16.93,2.47,2.7
6504,23.85,2.69,0.78
6505,16.37,1.27,1.85
6515,92.91,0.87,23.99
6525,18.57,3.75,3.66
6526,45.15,1.66,7.23
6531,53.58,0.75,12.06
6533,,0.0,3.59
6534,15.12,5.35,3.44
6541,,0.0,1.6
6550,,0.0,3.43
6552,,0.0,0.77
6558,,0.0,1.79
6573,10.97,0.0,2.2
6579,21.52,2.38,2.62
6581,14.65,4.91,2.74
6582,81.05,0.0,0.48
6585,13.34,4.35,1.9
6589,,0.0,1.98
6591,13.5,9.26,0.82
6592,11.43,5.8,1.09
6598,,0.0,3.99
6605,8.52,4.71,1.14
6606,17.07,4.16,1.66
6614,17.49,4.69,1.86
6625,7.16,6.77,2.26
6641,20.93,2.36,0.41
6645,,0.0,1.81
6655,25.67,4.82,2.99
6657,,0.0,4.0
6658,43.93,0.66,4.62
6666,13.39,4.38,1.19
6668,,0.0,2.29
6669,6.73,7.82,2.86
6670,11.15,5.86,2.45
6671,10.53,5.25,0.78
6672,50.68,1.0,5.7
6674,,0.0,1.6
6689,29.41,3.11,1.51
6691,19.56,3.36,10.64
6695,,0.0,3.11
6698,,1.47,2.27
6706,,0.0,3.2
6715,297.37,0.43,8.34
6719,20.72,2.5,1.38
6722,15.83,6.19,1.12
6742,,0.0,3.18
6743,28.02,9.65,2.01
6753,12.64,0.94,2.92
6754,12.51,8.45,1.26
6756,55.51,0.91,2.28
6757,9.27,4.53,3.11
6768,12.53,8.26,0.85
6770,24.1,0.0,2.64
6771,14.51,7.66,1.57
6776,11.85,5.78,1.72
6781,23.89,1.89,4.87
6782,14.21,3.58,3.33
6789,91.32,0.63,8.25
6790,12.21,7.05,1.8
6792,20.96,4.24,1.74
6794,,0.0,5.58
6796,143.61,0.48,2.44
6799,17.5,2.77,2.38
6805,53.8,0.5,20.64
6807,10.85,7.84,0.69
6830,2132.0,0.19,8.54
6831,88.81,0.61,12.1
6834,48.91,0.36,6.45
6835,103.0,3.27,1.15
6838,,0.0,2.82
6854,,0.0,3.13
6861,43.98,0.7,7.61
6862,20.35,3.62,2.38
6863,33.75,1.56,1.16
6869,,2.82,2.08
6873,70.73,3.74,0.96
6885,,0.0,2.67
6887,8.68,6.35,0.94
6890,14.13,6.1,1.58
6901,5.03,0.0,1.2
6902,33.78,0.0,7.09
6906,34.88,2.15,3.88
6908,24.37,4.58,0.77
6909,31.54,2.38,2.77
6914,12.0,6.69,2.19
6916,,0.0,1.19
6918,13.58,6.76,2.1
6919,,0.0,13.43
6921,,0.0,8.03
6923,18.29,4.05,2.7
6924,16.23,3.7,5.0
6928,,0.0,1.94
6931,10.28,1.24,1.98
6933,46.9,0.66,6.38
6934,,0.0,5.19
6936,14.28,4.76,1.74
6937,67.99,0.45,5.86
6944,19.28,2.58,7.03
6947,33.77,0.79,2.79
6949,,0.0,25.1
6951,11.16,7.67,2.86
6952,30.55,0.0,1.78
6955,21.91,3.15,3.6
6957,29.02,2.7,7.81
6958,,0.0,0.71
6962,21.82,3.14,0.79
6965,109.83,7.72,0.89
6969,351.67,0.0,2.86
6988,,0.0,0.75
6994,4.87,11.28,0.83
7610,49.66,0.14,26.97
7631,13.02,2.72,3.0
7689,13.33,3.47,5.0
7705,12.24,5.38,1.31
7711,24.03,1.65,7.21
7721,67.91,1.62,2.65
7722,30.71,0.78,1.59
7730,98.03,0.86,6.58
7732,17.63,4.48,1.21
7736,12.31,5.57,1.47
7740,12.66,3.26,3.64
7749,26.69,2.33,4.85
7750,33.69,0.82,10.45
7760,49.63,6.02,1.05
7765,20.66,4.08,5.04
7768,65.24,1.15,4.75
7769,57.66,1.16,17.69
7780,30.28,8.97,2.65
7786,11.12,4.73,2.14
7788,34.6,0.7,3.67
7791,13.29,6.88,1.39
7795,219.47,0.43,13.76
7799,,0.0,6.95
7803,,0.0,2.89
7812,,0.0,4.63
7818,12.51,3.41,1.06
7821,11.8,5.54,1.64
7822,55.08,0.65,7.38
7823,,0.0,5.67
7827,,0.0,17.27
7835,,0.0,5.0
7855,8.77,7.76,1.26
8011,21.35,4.43,0.83
8016,14.24,4.04,2.54
8021,96.77,0.41,11.2
8028,51.79,0.93,8.66
8033,352.08,0.0,8.55
8039,86.83,0.73,6.44
8045,62.09,1.87,2.61
8046,149.24,0.16,16.66
8070,29.41,5.45,1.31
8072,16.75,3.6,0.98
8081,13.89,6.26,2.7
8101,,0.0,2.53
8103,20.45,2.39,2.25
8104,,0.0,1.08
8105,17.33,0.0,0.81
8110,8.88,3.08,1.29
8112,6.26,4.59,2.03
8114,12.76,6.41,1.94
8131,17.86,1.62,1.77
8150,32.55,1.18,2.94
8162,48.81,2.29,3.12
8163,50.25,1.66,0.77
8201,,0.0,2.04
8210,22.99,1.6,8.81
8213,16.65,3.48,0.52
8215,,1.07,1.87
8222,26.15,0.99,2.59
8249,19.14,5.33,0.76
8261,26.46,2.83,3.68
8271,4.96,2.23,2.72
8341,14.18,5.38,1.81
8367,12.71,7.12,1.13
8374,,0.26,4.11
8404,15.65,3.8,0.76
8411,35.0,0.84,0.42
8422,26.56,4.71,3.37
8429,65.0,0.0,0.16
8438,22.1,1.63,2.8
8442,14.41,6.7,0.85
8443,,0.0,1.19
8454,22.71,4.24,7.53
8462,15.04,4.64,5.24
8463,10.58,3.82,1.27
8464,16.27,4.3,3.79
8466,,1.97,0.41
8467,13.64,8.02,1.64
8473,11.45,4.66,1.03
8476,70.89,1.01,1.72
8478,9.67,4.68,1.43
8481,12.01,6.76,1.6
8482,15.9,4.17,1.59
8487,13.26,6.83,2.96
8488,,0.0,0.29
8499,24.18,3.11,1.27
8926,16.02,3.64,2.44
8940,28.3,0.0,1.23
8996,106.73,0.29,28.78
9802,12.76,7.88,0.96
9902,22.5,0.0,0.98
9904,5.25,5.24,0.39
9905,12.93,5.19,0.75
9906,11.46,0.2,2.34
9907,15.47,8.03,1.11
9908,13.76,4.15,0.97
9910,14.04,5.93,2.89
9911,12.65,6.13,2.75
9912,,0.0,1.97
9914,19.45,4.17,1.03
9917,15.38,5.88,3.73
9918,15.92,3.53,2.24
9919,,0.0,1.44
9921,60.71,1.93,1.07
9924,10.34,6.62,0.83
9925,13.06,5.07,1.05
9926,17.12,4.3,1.98
9927,11.75,7.15,1.58
9928,,0.0,0.6
9929,22.24,0.0,1.29
9930,13.62,6.64,2.42
9931,11.74,5.34,1.04
9933,7.44,2.35,1.59
9934,39.4,1.02,0.62
9935,7.37,6.59,1.19
9937,21.05,4.07,3.02
9938,11.75,7.85,0.87
9939,11.32,4.98,1.86
9940,20.31,3.02,1.1
9941,11.17,5.85,1.31
9942,12.38,6.19,2.25
9943,12.24,6.97,1.7
9944,27.58,1.75,0.52
9945,5.08,3.79,0.51
9946,3.62,8.19,0.76
9955,11.88,0.0,1.76
9958,13.08,4.89,1.93
1240,10.0,0.93,1.59
1259,19.21,1.76,0.79
1264,11.51,6.15,2.55
1268,13.32,4.56,3.09
1294,10.29,9.96,1.86
1295,11.44,6.36,1.24
1336,22.4,1.55,0.69
1565,11.94,6.05,0.75
1569,,0.0,3.16
1570,47.83,3.03,1.64
1580,8.47,8.75,1.54
1584,31.12,1.43,0.87
1586,48.65,0.0,0.91
1591,,0.0,3.49
1593,8.05,6.32,0.92
1595,,0.6,1.59
1599,,2.17,0.9
1742,,0.0,1.29
1777,9.96,5.41,1.28
1780,15.18,4.96,1.81
1781,,0.0,1.56
1784,56.76,1.44,2.49
1785,14.65,2.04,3.6
1788,14.55,5.47,1.93
1796,70.24,2.43,1.52
1799,,0.0,4.99
1813,49.13,0.0,0.76
1815,33.62,0.86,4.95
2035,,0.0,3.76
2061,52.57,0.0,5.02
2063,12.81,6.4,1.17
2064,595.0,0.0,0.89
2065,9.23,4.27,1.23
2066,14.44,4.08,1.08
2067,,0.0,1.22
2070,22.84,2.39,2.22
2073,,1.19,1.76
2221,59.41,0.83,7.03
2230,,2.8,1.37
2235,20.81,5.3,0.85
2596,12.91,4.26,1.63
2640,16.65,5.05,4.69
2641,7.49,2.89,0.68
2643,8.73,7.18,1.12
2718,3.9,13.7,0.57
2719,27.83,0.0,1.78
2724,,0.0,1.77
2726,,0.0,0.87
2729,25.94,4.39,2.97
2732,18.72,5.43,1.62
2734,,0.0,1.26
2736,,0.0,0.66
2740,,0.0,4.01
2743,14.48,6.0,2.2
2745,8.53,8.93,3.09
2751,10.42,7.59,2.41
2752,10.89,7.61,3.83
2754,15.49,1.47,1.75
2755,13.9,5.97,3.36
2756,14.85,5.28,2.76
2916,10.45,8.88,1.7
2924,,0.0,2.12
2926,46.9,1.56,2.27
2937,10.96,6.94,1.77
2938,12.79,3.33,0.54
2941,13.68,7.09,1.43
2947,18.39,1.65,1.59
2948,17.04,6.12,1.12
2949,18.08,3.17,1.8
3064,,0.0,4.4
3066,4.92,0.0,1.47
3067,563.33,0.0,1.36
3071,39.48,3.49,1.63
3073,,0.0,1.22
3078,12.68,8.76,1.52
3081,228.06,0.15,51.95
3083,31.1,1.45,1.52
3085,,0.0,2.04
3086,,0.0,25.18
3088,17.04,2.15,2.72
3093,44.8,2.62,4.05
3095,13.99,0.0,2.74
3105,57.93,0.41,4.77
3114,10.84,4.0,1.37
3115,,0.0,1.15
3118,13.4,7.02,1.89
3122,,0.0,2.96
3128,17.7,4.91,1.23
3131,43.82,1.86,22.51
3141,27.93,0.42,2.3
3147,15.1,2.67,5.49
3152,25.03,3.15,2.42
3158,11.85,7.63,2.74
3162,128.41,1.07,3.03
3163,65.92,0.54,15.83
3169,30.31,2.77,4.13
3171,9.65,7.96,3.12
3176,,0.0,3.52
3178,216.88,0.0,2.59
3188,3.32,13.63,1.32
3191,20.89,0.0,2.95
3205,,0.0,3.15
3206,19.97,4.34,1.31
3207,,0.0,1.49
3211,52.02,2.97,6.65
3213,13.09,5.58,1.89
3217,10.3,7.69,2.42
3218,9.88,5.81,2.92
3219,37.8,1.08,5.93
3221,50.3,0.55,2.47
3224,,0.0,1.74
3226,333.89,0.0,2.08
3227,15.65,5.39,1.86
3228,,0.0,19.03
3230,,0.0,3.98
3232,29.3,2.4,1.4
3234,,0.0,27.96
3236,61.25,1.13,2.59
3252,,0.0,0.4
3259,,0.0,2.09
3260,4.87,4.51,3.1
3264,31.53,1.74,5.83
3265,25.32,2.27,3.89
3268,,0.0,1.55
3272,,0.0,0.93
3276,62.95,0.43,1.11
3284,8.02,2.58,1.35
3285,22.61,1.2,2.84
3287,5.17,3.64,2.24
3288,,0.0,3.19
3289,30.59,3.2,2.55
3290,8.07,3.14,1.73
3293,18.0,4.62,14.52
3294,,0.0,1.85
3297,36.5,0.0,1.96
3303,9.65,6.2,1.91
3306,108.18,3.57,0.6
3310,26.5,5.08,2.86
3313,,0.0,1.06
3317,32.54,0.76,1.79
3322,,0.0,0.97
3323,,0.0,1.22
3324,37.59,0.73,11.44
3325,,0.0,1.32
3332,15.57,3.25,1.57
3339,,0.0,4.17
3349,,0.0,3.0
3354,,0.0,2.64
3357,19.04,2.5,2.06
3360,1510.0,0.0,1.39
3362,,0.0,6.44
3363,,0.0,12.96
3372,,0.0,1.93
3373,,6.85,0.97
3374,71.43,0.55,12.52
3379,26.76,4.4,1.71
3388,15.03,4.09,1.28
3390,,0.89,1.23
3402,18.25,4.58,4.53
3430,24.3,1.42,3.2
3434,85.27,3.8,2.42
3438,41.42,2.45,1.05
3441,76.13,0.46,8.93
3444,40.5,2.23,3.46
3455,74.79,1.31,6.66
3465,,0.0,1.34
3466,,0.0,1.32
3467,64.87,0.67,3.84
3479,19.0,3.34,3.01
3483,26.63,3.87,1.56
3484,13.51,5.35,1.13
3485,33.9,2.24,3.22
3489,,12.9,2.25
3490,7.14,1.11,1.57
3491,120.03,0.45,22.88
3492,14.77,5.77,1.05
3498,53.53,0.0,5.69
3499,,0.0,1.76
3508,,0.0,5.09
3511,,0.0,1.22
3512,10.16,9.38,0.87
3516,36.23,0.8,0.95
3520,,0.0,1.48
3521,6.87,0.0,0.97
3522,,0.0,1.83
3523,,0.0,2.6
3526,15.23,6.23,4.37
3527,,1.94,1.02
3529,110.87,0.62,70.77
3531,16.1,2.35,0.7
3537,11.46,3.8,2.29
3540,25.8,1.13,0.92
3541,76.41,0.0,1.88
3546,14.48,3.44,2.7
3548,208.38,1.3,0.84
3551,19.86,2.57,2.3
3552,,1.15,0.97
3555,19.56,0.0,8.12
3556,15.73,3.37,3.06
3558,58.18,2.41,1.23
3564,140.0,0.54,2.15
3567,23.24,3.88,1.57
3570,11.68,5.81,2.67
3577,28.05,1.64,5.3
3580,68.52,1.08,4.23
3581,45.51,0.56,6.0
3587,36.4,1.76,2.89
3594,37.17,0.84,1.97
3597,34.81,1.44,1.83
3609,3.63,0.0,2.01
3611,8.86,5.46,1.37
3615,13.35,1.68,1.22
3623,31.01,0.0,2.26
3624,43.75,0.79,4.6
3625,,0.0,2.37
3628,17.65,4.46,2.05
3629,,0.0,13.21
3630,,0.0,1.86
3631,,0.0,2.73
3632,,0.0,2.54
3646,,3.63,2.02
3663,271.3,0.0,2.09
3664,,0.0,6.76
3666,,0.0,2.04
3672,,0.0,1.75
3675,58.39,1.2,6.03
3680,36.85,1.26,4.06
3684,13.25,5.19,2.29
3685,,0.0,3.82
3687,13.86,3.32,1.16
3689,13.61,3.32,1.98
3691,43.25,0.0,1.8
3693,45.53,1.14,5.75
3707,,0.0,3.35
3709,5.66,3.37,1.88
3710,,0.0,1.45
3713,,0.0,1.77
4102,,0.0,1.3
4105,11.31,5.71,2.82
4107,12.98,4.98,2.17
4109,368.33,1.81,0.81
4111,9.11,4.51,1.23
4113,,0.0,0.86
4114,18.09,5.62,1.7
4116,14.92,5.08,1.59
4120,,8.68,0.76
4121,,0.0,0.75
4123,23.31,7.24,1.36
4126,13.03,5.78,1.98
4127,31.46,0.0,4.19
4128,16.85,0.0,0.93
4129,14.49,5.43,2.05
4131,,0.0,4.46
4138,15.05,7.62,1.39
4139,,0.0,4.57
4147,,0.0,4.64
4153,19.21,6.35,1.91
4154,,0.0,2.08
4157,39.45,0.0,6.03
4160,58.28,1.27,2.11
4161,12.18,3.17,1.33
4162,14.97,3.61,1.62
4163,22.92,2.59,2.53
4166,24.59,0.0,2.18
4167,5.89,7.59,1.38
4168,,0.0,2.87
4171,,0.0,1.64
4173,21.38,6.08,0.67
4174,,0.0,3.15
4175,13.32,5.94,1.4
4183,,0.0,1.24
4188,,0.0,1.71
4192,,0.0,2.96
4198,,0.0,5.9
4205,17.25,5.11,3.09
4207,10.35,6.17,1.34
4303,3.6,14.97,0.94
4304,,0.0,3.47
4305,8.57,7.43,1.9
4401,12.26,4.33,0.63
4402,,0.0,1.68
4406,,0.0,0.88
4413,16.53,1.46,1.88
4416,4.39,0.0,0.52
4417,9.55,7.05,1.32
4419,,0.0,9.11
4420,26.72,8.38,1.02
4430,45.64,2.81,0.57
4432,3.24,2.6,0.49
4433,16.12,5.54,0.6
4442,10.92,6.4,1.98
4502,,0.0,1.64
4503,6.45,0.0,1.01
4506,15.25,4.49,3.66
4510,45.32,0.0,2.5
4513,,0.0,1.5
4523,0.89,11.08,0.85
4527,9.49,7.33,1.82
4528,,1.35,0.55
4529,,0.0,1.33
4530,1210.0,0.0,1.95
4533,42.5,0.7,1.57
4534,65.21,0.0,3.8
4535,18.87,2.99,0.82
4538,45.0,5.7,1.26
4541,15.09,2.36,2.29
4542,155.5,0.28,12.44
4543,11.13,2.46,0.91
4549,23.64,3.33,2.9
4550,12.51,5.05,0.97
4554,9.98,7.13,1.43
4556,86.36,0.65,4.71
4558,18.78,0.0,0.94
4561,24.5,0.48,1.73
4563,,0.0,2.03
4568,21.69,5.07,1.17
4577,,0.0,4.33
4580,13.39,4.94,1.38
4584,14.92,5.41,1.06
4609,22.37,0.0,1.56
4702,4.2,5.36,0.51
4706,30.5,0.89,1.73
4707,22.98,1.69,1.45
4711,19.06,3.09,0.96
4714,,0.0,0.99
4716,29.14,0.0,1.4
4721,16.06,2.88,4.13
4726,,0.0,3.33
4728,26.81,3.03,15.21
4729,41.78,0.0,1.27
4735,6.5,5.52,1.23
4741,33.1,0.75,1.5
4743,351.54,0.0,2.14
4744,18.97,3.49,1.31
4745,,0.0,0.28
4747,24.08,2.22,1.23
4749,59.27,1.05,6.85
4754,11.67,6.1,2.13
4760,26.64,1.81,6.2
4767,11.01,3.89,0.91
4768,,0.28,11.94
4772,48.92,1.11,10.81
4903,33.44,0.7,3.86
4905,6.2,1.96,0.72
4907,6.29,3.31,1.74
4908,81.87,0.49,9.11
4909,48.38,0.0,1.32
4911,21.07,6.91,2.07
4923,,0.0,4.1
4924,18.75,0.0,1.4
4931,41.28,1.02,10.01
4933,7.41,5.41,1.14
4939,87.56,0.33,4.87
4946,43.97,0.0,5.23
4950,19.68,0.0,1.62
4951,14.14,4.99,3.29
4953,11.71,4.41,2.02
4966,18.1,3.13,1.97
4971,134.66,0.16,5.77
4972,,0.0,0.64
4973,7.61,0.74,2.54
4974,14.47,5.52,1.56
4979,92.8,0.38,18.18
4991,147.82,0.0,12.92
4995,14.23,3.98,2.25
5009,15.52,3.68,1.05
5011,,0.0,0.97
5013,16.1,1.99,1.19
5014,,4.9,0.71
5015,14.14,2.34,1.08
5016,12.65,4.03,0.82
5201,,1.69,1.79
5202,,1.4,1.21
5205,,0.0,3.14
5206,7.87,6.59,0.95
5209,9.14,7.78,4.59
5210,27.5,0.0,2.94
5211,,0.0,1.9
5212,7.71,8.59,3.04
5213,12.92,13.46,1.04
5220,137.5,1.36,1.16
5223,,0.0,0.43
5227,,0.0,3.84
5228,19.29,0.0,2.58
5230,,2.26,0.94
5245,,0.0,1.47
5251,27.03,0.0,2.35
5263,42.46,0.0,1.66
5272,,0.0,1.15
5274,129.38,0.42,94.1
5276,17.57,4.34,1.4
5278,20.96,5.12,1.91
5287,9.0,8.11,2.98
5289,7.11,1.33,5.3
5291,48.2,0.0,2.38
5299,12.45,3.66,1.53
5301,,0.0,0.65
5302,,0.0,1.25
5309,347.65,0.84,2.57
5310,14.36,0.0,2.51
5312,12.28,7.23,1.26
5314,5.93,115.19,4.43
5315,11.27,8.56,1.15
5321,,0.0,5.04
5324,,0.0,1.9
5328,73.66,0.67,3.98
5340,44.23,0.75,6.61
5344,,0.0,2.1
5345,,0.0,3.91
5347,38.64,2.51,5.32
5348,,0.0,2.22
5351,16.95,0.0,4.99
5353,15.72,3.51,1.47
5355,,0.0,1.61
5356,11.49,7.84,0.6
5364,,0.0,0.77
5381,29.37,0.0,2.09
5386,4.04,2.28,3.21
5392,57.94,1.02,1.19
5398,139.0,0.0,1.33
5403,11.82,7.0,2.84
5410,9.76,6.25,1.93
5425,34.84,2.11,3.07
5426,44.13,1.08,1.74
5432,17.3,0.93,6.4
5438,,4.41,0.59
5439,13.99,2.85,5.83
5443,48.24,2.01,0.87
5450,21.38,1.69,1.0
5452,49.36,0.92,1.85
5455,,0.0,1.48
5457,31.33,6.38,0.84
5460,99.41,0.0,1.33
5464,191.49,0.0,4.84
5465,21.69,3.46,2.07
5468,,0.0,2.67
5474,27.01,2.53,3.21
5475,139.92,0.0,21.06
5478,11.92,7.73,1.67
5481,,0.0,1.25
5483,21.07,1.85,2.27
5487,,0.0,1.32
5488,,0.51,1.06
5489,20.19,3.55,1.86
5490,12.35,5.89,1.76
5493,16.15,2.98,2.18
5498,142.43,0.5,4.4
5508,17.32,5.24,2.11
5511,4.88,8.02,1.09
5512,55.0,1.3,0.43
5514,62.92,0.0,1.0
5516,11.76,0.0,1.33
5520,8.46,8.41,1.52
5523,,1.65,1.66
5529,7.4,1.46,1.75
5530,14.55,0.0,0.66
5536,22.54,2.22,6.74
5543,57.34,0.0,2.52
5547,10.26,9.71,1.23
5548,10.15,9.3,1.04
5601,70.49,1.31,1.36
5603,33.5,3.73,0.75
5604,29.48,6.46,1.72
5609,10.21,7.16,1.75
5701,,0.0,1.32
5703,16.95,0.0,1.77
5704,160.71,0.0,1.35
5864,2.66,4.34,1.3
5878,15.1,6.33,1.83
5902,16.36,4.82,2.61
5903,23.76,3.49,4.75
5904,20.24,3.7,1.01
5905,,0.0,0.74
6015,3.98,3.16,1.02
6016,3.08,5.98,1.1
6020,5.69,1.33,0.94
6021,3.65,4.87,1.0
6023,9.5,6.4,1.38
6026,5.76,8.58,1.0
6028,9.66,6.07,2.7
6101,27.39,0.0,3.17
6103,104.5,0.0,3.8
6104,19.16,4.95,3.84
6109,,0.0,1.21
6111,,0.0,1.82
6113,36.31,0.0,2.1
6114,6.13,2.15,0.63
6118,99.69,0.0,1.28
6121,11.46,5.74,1.77
6122,12.81,5.7,2.61
6123,13.29,8.33,1.65
6124,52.79,0.0,1.59
6125,169.83,1.02,2.74
6126,39.49,1.94,1.08
6127,,0.0,4.82
6129,,0.0,1.43
6130,,0.0,1.87
6134,37.03,0.68,1.96
6138,18.73,3.93,5.52
6140,,0.0,2.1
6143,10.29,7.41,2.46
6144,,0.0,1.53
6146,15.78,6.67,3.43
6147,50.36,1.34,2.65
6148,35.65,3.19,3.22
6150,15.22,0.97,1.76
6151,14.85,4.32,1.87
6154,12.41,3.6,0.88
6156,54.13,0.92,1.01
6158,,0.0,0.84
6160,,0.0,1.62
6161,11.89,4.49,2.05
6163,46.63,1.39,2.11
6167,,0.0,0.87
6169,,0.0,1.39
6170,9.98,8.2,2.43
6171,19.42,7.52,1.12
6173,56.03,0.61,5.02
6174,35.47,0.75,3.37
6175,22.11,4.34,2.45
6179,51.3,1.34,1.77
6180,,2.49,1.82
6182,526.09,0.0,4.45
6185,53.7,3.18,0.86
6186,5.72,17.27,1.23
6187,67.91,0.89,14.97
6188,21.92,5.19,1.35
6190,30.53,2.79,3.28
6194,25.3,5.07,0.73
6195,15.05,3.53,1.06
6198,,0.0,0.7
6199,46.32,0.0,7.34
6203,9.12,6.68,1.68
6204,85.83,0.49,6.62
6207,90.46,0.44,4.55
6208,17.55,2.68,2.19
6210,,0.0,1.83
6212,16.74,0.0,0.9
6217,,0.0,6.73
6218,37.62,0.0,4.06
6219,12.93,0.0,0.77
6220,21.77,2.77,1.16
6221,14.04,3.65,1.82
6222,,0.0,1.48
6223,111.03,0.42,31.94
6227,10.58,3.31,3.26
6228,,0.0,2.18
6229,22.02,2.5,1.35
6231,31.96,2.37,10.18
6233,99.09,3.44,1.14
6234,37.4,0.64,1.39
6236,1845.0,0.0,4.93
6237,,0.28,1.98
6240,,0.0,1.65
6241,21.01,0.0,1.5
6242,14.21,5.87,1.29
6244,55.95,0.6,2.0
6245,20.25,4.28,2.19
6246,64.5,0.0,1.18
6248,12.86,7.22,0.77
6259,19.66,1.19,1.96
6261,15.28,3.19,1.47
6263,17.61,5.02,6.24
6264,,0.0,0.89
6265,5.82,0.0,2.56
6266,12.68,7.16,1.56
6270,23.09,3.31,0.8
6274,75.42,0.51,18.4
6275,18.4,4.28,2.23
6276,,0.0,3.41
6279,9.78,4.93,1.46
6284,20.21,2.45,1.32
6290,28.7,2.3,5.8
6291,43.09,1.2,14.73
6292,12.12,2.69,2.61
6294,10.62,10.62,1.32
6411,18.5,2.86,1.53
6417,15.62,2.35,2.43
6418,91.05,1.1,2.32
6419,5.12,0.0,2.8
6423,120.99,1.16,5.01
6425,71.15,1.34,2.92
6432,24.59,2.02,2.16
6435,18.94,2.97,4.22
6441,,0.0,1.5
6461,,0.0,3.0
6462,,0.0,1.27
6465,12.12,0.48,3.37
6469,18.75,5.83,2.64
6470,8.9,5.85,1.42
6474,10.44,7.04,1.1
6482,12.83,8.57,1.74
6485,,0.68,1.68
6486,16.79,7.44,2.32
6488,45.87,0.81,4.67
6492,,0.0,4.95
6494,17.05,1.97,1.56
6496,,0.0,1.58
6498,8.92,6.67,2.06
6499,,0.0,5.87
6506,12.42,5.41,1.2
6508,26.47,1.85,0.96
6509,13.3,2.89,1.7
6510,74.06,0.49,10.21
6512,,0.0,1.54
6516,26.14,4.16,3.32
6517,25.02,2.39,2.91
6523,13.68,11.06,3.2
6527,12.86,3.87,1.84
6530,41.29,2.01,7.27
6532,13.43,2.78,3.27
6535,,0.0,10.92
6538,206.03,0.43,6.96
6542,93.18,0.05,2.39
6546,14.36,4.27,1.84
6547,,0.0,5.63
6548,32.34,1.88,5.12
6556,8.01,5.65,1.11
6560,26.78,0.0,1.61
6561,20.54,4.63,7.28
6568,28.74,1.39,2.83
6569,19.57,3.26,2.32
6570,18.87,2.3,2.1
6574,9.03,2.51,2.46
6576,569.29,0.0,9.86
6577,10.98,6.3,3.37
6578,,2.42,1.18
6584,51.57,0.45,10.39
6588,597.22,0.0,4.77
6590,12.76,2.27,2.35
6593,,0.0,1.2
6596,4.85,19.3,2.99
6597,43.35,1.46,2.6
6603,37.5,1.37,1.84
6609,,0.0,1.21
6612,36.45,1.82,1.79
6613,15.97,3.7,3.27
6615,50.61,0.0,1.11
6616,,0.0,0.69
6617,,0.0,6.92
6620,47.22,1.52,4.4
6624,73.96,0.73,1.78
6629,9.06,5.99,2.29
6637,9.84,8.32,1.35
6640,62.09,1.44,5.8
6642,21.35,2.23,2.78
6643,531.58,0.24,11.32
6649,46.58,2.72,2.4
6651,16.85,2.66,3.97
6654,70.67,0.0,6.16
6661,,0.0,1.38
6662,17.81,5.44,1.71
6664,22.25,2.74,5.41
6667,17.7,4.52,5.13
6679,16.69,3.16,1.86
6680,54.57,0.58,2.24
6683,65.85,0.61,14.38
6684,,0.0,1.47
6690,16.21,5.07,1.76
6692,,0.88,1.4
6693,43.78,0.28,7.88
6697,13.43,6.33,1.86
6703,9.74,1.0,2.55
6708,151.77,0.0,3.5
6712,34.73,2.48,5.78
6716,18.44,1.4,4.08
6720,34.84,2.75,4.38
6721,9.88,6.6,1.73
6725,16.51,3.22,3.4
6727,45.18,0.93,8.93
6728,11.84,6.02,1.65
6730,16.93,4.69,1.57
6732,21.76,3.64,1.59
6733,,0.0,3.16
6735,46.36,1.08,3.17
6739,47.65,1.16,25.45
6741,12.34,3.71,2.06
6751,7.79,6.67,1.07
6752,13.96,5.01,2.66
6761,22.04,3.67,3.34
6762,318.0,0.63,4.29
6763,9.96,7.29,2.54
6767,,0.0,1.67
6785,,0.1,2.7
6788,17.84,4.35,5.06
6791,20.95,3.53,4.39
6803,14.4,5.92,2.83
6804,,2.76,0.68
6811,14.84,4.38,4.27
6821,23.4,2.65,1.77
6823,,0.0,3.88
6829,39.04,1.68,6.46
6840,46.28,1.0,2.83
6841,82.54,1.81,3.3
6843,20.4,5.22,1.54
6844,17.5,6.97,0.69
6846,12.38,6.78,1.72
6855,11.52,4.82,3.0
6856,13.89,7.18,1.64
6859,42.55,1.67,2.37
6865,,5.01,1.28
6870,38.16,1.57,6.36
6872,,0.0,3.49
6874,16.96,5.7,3.22
6875,,0.0,2.96
6877,,0.39,7.2
6881,10.5,8.62,4.19
6884,16.2,4.82,1.81
6894,22.97,2.35,5.22
6895,284.31,2.0,5.52
6899,11.25,5.66,1.12
6903,13.99,2.79,5.51
6904,15.97,4.12,2.23
6907,36.24,0.55,6.98
6910,14.32,6.6,1.79
6913,19.33,1.97,3.18
6922,23.49,2.15,5.64
6925,25.77,2.67,3.86
6929,,0.0,0.97
6945,,0.0,5.85
6953,24.77,2.49,4.4
6961,18.54,10.49,1.39
6967,12.87,5.51,2.01
6968,16.36,3.61,1.56
6971,10.3,6.33,1.05
6982,,3.67,2.03
6983,85.22,0.87,6.92
6986,19.73,0.5,2.15
6996,11.2,5.94,2.62
6997,33.66,6.76,2.97
7402,,0.5,5.59
7547,21.13,2.72,2.27
7556,31.03,1.7,4.24
7584,,1.42,1.06
7642,27.73,4.38,2.17
7703,26.78,3.51,3.43
7704,19.04,2.94,1.77
7708,12.22,5.98,2.33
7709,23.13,1.73,1.99
7712,23.23,2.48,2.78
7713,13.52,5.53,2.81
7714,20.96,3.09,5.88
7715,19.03,6.52,1.0
7716,14.14,7.11,1.13
7717,83.73,0.56,14.05
7718,8.46,5.35,1.37
7723,,0.0,1.37
7728,96.35,0.84,11.65
7734,56.49,0.74,11.11
7738,12.19,6.41,2.26
7743,21.13,2.06,1.37
7744,24.08,1.34,6.19
7747,22.7,3.6,3.16
7751,60.27,1.16,17.71
7753,8.09,4.21,1.56
7757,11.16,8.56,2.19
7767,10.2,6.49,1.54
7770,16.91,4.66,2.27
7772,222.78,0.85,4.59
7777,28.48,0.7,2.85
7782,11.39,8.06,1.26
7792,37.61,1.92,5.85
7794,12.4,5.29,1.81
7805,10.3,8.18,2.1
7810,26.0,2.2,4.86
7811,10.62,7.71,1.23
7814,202.86,0.0,3.9
7819,19.83,5.07,1.46
7820,47.17,1.38,3.3
7825,41.59,1.67,4.61
7828,192.7,0.24,14.89
7839,20.92,4.7,2.77
7842,22.46,3.25,2.13
7856,159.93,0.02,64.36
8024,,0.0,1.44
8027,673.33,0.0,7.5
8032,10.2,3.35,0.84
8034,17.67,5.85,1.72
8038,39.1,0.0,4.19
8040,1250.0,0.0,3.89
8042,29.19,1.07,3.22
8043,31.84,0.68,3.7
8044,,0.0,0.75
8047,,0.0,5.51
8048,14.52,4.56,2.47
8049,12.83,5.71,1.12
8050,25.08,3.27,1.77
8054,,0.0,3.6
8059,,0.0,1.96
8064,58.23,0.69,6.19
8066,,0.0,1.0
8067,49.2,0.0,1.75
8068,,0.0,1.28
8069,13.86,4.13,2.17
8071,,0.0,1.68
8074,27.76,2.17,2.17
8076,153.57,3.26,1.69
8077,6.4,4.61,1.81
8080,,0.0,3.4
8083,13.65,6.43,4.98
8084,,0.0,4.07
8085,,0.0,1.73
8086,20.52,1.53,2.55
8087,,0.0,1.14
8088,14.13,3.55,2.31
8089,,0.0,1.27
8091,23.01,1.92,2.93
8092,83.67,0.0,1.33
8093,,0.0,2.46
8096,24.5,0.56,4.27
8097,,0.0,3.02
8099,18.18,3.51,3.66
8102,23.61,1.68,3.25
8107,9.64,0.0,0.57
8109,18.1,3.35,3.65
8111,69.91,0.75,6.29
8121,398.75,0.0,3.36
8147,57.81,2.05,4.21
8155,26.38,1.69,4.97
8171,,0.0,1.24
8176,31.55,0.0,1.15
8182,39.24,0.61,1.23
8227,65.44,0.5,11.11
8234,,0.64,2.9
8240,23.19,2.39,1.14
8255,21.48,2.41,1.61
8272,14.3,4.27,2.11
8277,,0.0,1.42
8279,9.44,6.35,0.91
8284,10.4,5.89,2.41
8289,43.44,0.33,1.92
8291,,0.0,8.7
8299,9.69,1.1,4.58
8342,11.06,5.99,2.73
8349,15.53,3.88,1.13
8354,6.24,0.65,0.61
8358,74.22,0.4,13.52
8383,13.68,3.7,2.0
8390,9.91,4.25,2.28
8401,8.65,5.27,1.33
8403,16.14,3.15,0.79
8409,17.65,0.0,1.92
8410,6.38,5.71,0.56
8415,8.85,4.27,1.23
8416,11.5,5.03,2.94
8421,30.6,0.0,0.94
8423,16.87,3.88,1.22
8424,11.27,7.14,2.28
8426,9.69,3.87,0.89
8431,,0.0,4.63
8432,11.63,5.16,1.37
8433,7.29,7.92,1.22
8435,10.33,6.04,1.98
8436,11.99,5.7,1.52
8437,,0.0,0.2
8440,21.16,0.95,1.58
8444,,0.0,3.76
8446,10.75,9.48,2.22
8450,,0.0,1.81
8455,42.5,0.0,1.0
8472,,0.0,5.01
8477,,0.0,1.68
8489,33.71,0.0,1.4
8905,43.4,2.02,1.48
8906,,0.0,2.6
8908,19.08,4.48,3.09
8916,14.27,7.38,1.21
8917,21.8,3.85,3.37
8921,,1.55,0.7
8923,23.06,4.88,1.26
8924,17.96,8.7,1.06
8927,20.43,1.63,1.41
8928,9.66,3.49,1.07
8929,36.86,0.0,0.81
8930,11.04,7.67,1.67
8931,36.88,3.71,2.67
8932,44.27,1.41,13.48
8933,,0.0,0.97
8935,,0.0,2.53
8936,11.96,5.78,2.03
8937,418.33,0.0,4.53
8938,10.04,7.59,1.06
8941,14.29,2.27,1.54
8942,7.58,2.49,0.78
9949,3.98,9.07,2.18
9950,,0.0,1.21
9951,8.29,6.91,0.89
9960,18.07,3.76,1.96
9962,44.13,0.0,0.85
