code,rs,tpl,hi52_dist
1101,66.0,False,-5.9
1102,45.0,False,-9.6
1103,41.0,False,-8.0
1104,35.0,False,-19.2
1108,5.0,False,-27.6
1109,21.0,False,-17.2
1110,27.0,False,-17.8
1201,24.0,False,-25.7
1203,,False,-15.6
1210,24.0,False,-13.9
1213,,False,-44.7
1215,19.0,False,-35.8
1216,43.0,False,-9.9
1217,43.0,False,-8.4
1218,6.0,False,-26.8
1219,17.0,False,-25.0
1220,,False,-22.6
1225,,False,-32.8
1227,31.0,False,-18.2
1229,25.0,False,-21.9
1231,44.0,False,-33.1
1232,,False,-13.8
1233,,False,-16.9
1234,,False,-15.3
1235,,False,-44.0
1236,,False,-11.0
1240,,False,-19.4
1256,,False,-23.1
1259,,False,-1.4
1264,,False,-18.5
1268,,False,-4.3
1294,,False,-34.9
1295,,False,-65.2
1301,83.0,True,-4.1
1303,97.0,True,-1.9
1304,9.0,False,-35.0
1305,11.0,False,-37.6
1307,26.0,False,-18.3
1308,28.0,False,-31.7
1309,9.0,False,-47.0
1310,22.0,False,-27.5
1312,58.0,True,-10.6
1313,42.0,False,-14.8
1314,54.0,True,-16.4
1315,,False,-0.4
1316,36.0,False,-38.5
1319,50.0,False,-32.7
1321,,False,-12.0
1323,,False,-16.8
1324,,False,-25.2
1325,52.0,False,-28.5
1326,85.0,True,-8.3
1336,82.0,False,-6.5
1337,7.0,False,-34.1
1338,28.0,False,-32.4
1339,,False,-11.8
1340,,False,-42.1
1341,,False,-7.4
1342,44.0,False,-18.0
1402,50.0,False,-11.4
1409,69.0,False,-26.8
1410,13.0,False,-33.3
1413,,False,-18.7
1414,27.0,False,-21.2
1416,59.0,False,-4.0
1417,17.0,False,-14.2
1418,,False,-17.1
1419,,False,-18.8
1423,,False,-24.8
1432,,False,-14.0
1434,60.0,False,-13.3
1435,,False,-34.8
1436,9.0,False,-47.4
1437,56.0,False,-9.6
1438,,False,-43.5
1439,,False,-9.8
1440,43.0,False,-16.1
1441,,False,-40.5
1442,39.0,False,-43.6
1443,,False,-22.8
1444,9.0,False,-32.5
1445,,False,-37.5
1446,4.0,False,-34.3
1447,22.0,False,-39.2
1449,33.0,False,-27.6
1451,,False,-9.1
1452,,False,-23.8
1453,,False,-22.9
1454,,False,-30.5
1455,56.0,True,-17.4
1456,63.0,False,-6.8
1457,,False,-14.8
1459,92.0,True,0.0
1460,7.0,False,-29.5
1463,,False,-12.8
1464,30.0,False,-17.4
1465,31.0,False,-18.0
1466,11.0,False,-30.7
1467,60.0,False,-19.1
1468,,False,-11.7
1470,,False,-1.4
1471,11.0,False,-39.4
1472,,False,-11.7
1473,,False,-42.2
1474,,False,-18.2
1475,,False,-34.3
1476,14.0,False,-40.9
1477,12.0,False,-44.2
1503,26.0,False,-26.9
1504,60.0,False,-45.3
1506,28.0,False,-29.4
1512,,False,-34.3
1513,52.0,False,-16.7
1514,21.0,False,-31.4
1515,24.0,False,-35.3
1516,2.0,False,-48.9
1517,36.0,False,-31.2
1519,46.0,False,-30.7
1521,,False,-17.2
1522,12.0,False,-51.3
1524,17.0,False,-29.7
1525,,False,-12.6
1526,45.0,False,-38.0
1527,46.0,False,-15.2
1528,44.0,False,-27.2
1529,5.0,False,-39.6
1530,,False,-27.6
1531,21.0,False,-16.1
1532,42.0,False,-22.5
1533,,False,-27.0
1535,,False,-19.7
1536,28.0,False,-31.2
1537,25.0,False,-11.9
1538,,False,-73.0
1539,,False,-28.9
1540,11.0,False,-33.5
1541,,False,-32.4
1558,80.0,False,-2.2
1560,94.0,True,-1.5
1563,65.0,False,-18.9
1565,44.0,False,-32.0
1568,58.0,False,-35.9
1569,89.0,False,-7.0
1570,,False,-41.9
1580,4.0,False,-30.6
1582,8.0,False,-41.5
1583,,False,-27.2
1584,31.0,False,-29.5
1586,18.0,False,-42.5
1587,6.0,False,-59.6
1590,37.0,False,-26.9
1591,81.0,False,-40.8
1593,,False,-10.5
1595,86.0,False,-25.9
1597,79.0,False,-33.0
1598,62.0,False,-16.7
1599,,False,-25.2
1603,36.0,False,-30.8
1604,39.0,False,-9.9
1605,73.0,False,-16.7
1608,66.0,False,-13.5
1609,63.0,False,-22.9
1611,16.0,False,-24.3
1612,50.0,False,-17.2
1614,,False,-17.8
1615,,False,-18.3
1616,7.0,False,-51.1
1617,84.0,True,-10.6
1618,42.0,False,-25.6
1623,,,-41.6
1626,,False,-25.8
1702,48.0,False,-18.8
1707,13.0,False,-34.7
1708,66.0,True,-12.5
1709,99.0,True,0.0
1710,50.0,True,-14.9
1711,54.0,False,-33.1
1712,36.0,False,-17.4
1713,17.0,False,-21.7
1714,69.0,False,-32.6
1717,65.0,False,-17.5
1718,48.0,False,-33.6
1720,47.0,False,-4.5
1721,78.0,False,-24.0
1722,15.0,False,-20.9
1723,34.0,False,-14.4
1725,,False,-25.2
1726,,False,-6.0
1727,95.0,True,-1.6
1730,,False,-6.9
1731,,False,-6.7
1732,,False,-21.9
1733,53.0,False,-21.8
1734,46.0,False,-7.1
1735,,False,-34.6
1736,42.0,False,-34.0
1737,32.0,False,-9.1
1742,,False,-6.7
1752,,False,-20.5
1760,19.0,False,-28.5
1762,,False,-24.6
1773,62.0,False,-16.4
1776,,False,-14.7
1777,,False,-7.0
1780,,,-12.6
1781,,False,-31.1
1783,,False,-24.2
1784,,False,-48.7
1785,9.0,False,-44.6
1786,3.0,False,-61.5
1788,,False,-7.9
1789,23.0,False,-36.1
1795,20.0,False,-52.4
1796,,False,-51.0
1799,13.0,False,-47.5
1802,33.0,False,-26.7
1805,,False,-25.8
1806,35.0,False,-17.8
1808,59.0,False,-27.1
1809,76.0,True,-23.1
1810,80.0,False,-29.9
1813,,False,-21.9
1815,79.0,True,-14.5
1817,,False,-6.7
1903,,False,-24.5
1904,72.0,True,-8.5
1905,3.0,False,-31.6
1906,,False,-23.4
1907,53.0,False,-12.0
1909,46.0,False,-12.6
2002,50.0,False,-12.0
2006,83.0,True,-2.9
2007,30.0,False,-27.5
2008,,False,-4.4
2009,49.0,False,-31.3
2010,49.0,False,-14.3
2012,,False,-22.4
2013,,False,-11.9
2014,40.0,False,-18.2
2015,55.0,False,-9.6
2017,32.0,False,-17.5
2020,78.0,False,-8.0
2022,15.0,False,-26.5
2023,50.0,False,-14.2
2024,,False,-31.5
2025,71.0,True,-9.8
2027,80.0,True,-8.1
2028,50.0,False,-23.1
2029,63.0,False,-2.2
2030,97.0,True,-4.0
2031,78.0,True,-1.8
2032,78.0,True,-4.5
2033,99.0,True,0.0
2034,77.0,False,-4.0
2035,,False,-12.5
2038,29.0,False,-27.7
2049,68.0,False,-21.9
2059,98.0,True,-19.5
2061,97.0,True,-21.0
2062,26.0,False,-26.2
2063,,False,-19.7
2064,25.0,False,-26.6
2065,,False,-7.3
2066,,False,-30.8
2067,,False,-61.6
2069,89.0,True,-5.8
2070,80.0,True,-23.9
2072,10.0,,-35.7
2073,,False,-14.8
2101,16.0,False,-31.5
2102,20.0,False,-22.1
2103,87.0,True,-4.4
2104,44.0,False,-25.7
2105,38.0,False,-21.7
2106,33.0,False,-22.2
2107,59.0,False,-1.3
2108,54.0,False,-13.6
2109,40.0,False,-13.0
2114,,False,-5.6
2115,,False,-12.3
2201,55.0,False,-33.9
2204,27.0,False,-19.8
2206,55.0,False,-5.8
2207,64.0,False,-19.0
2208,39.0,False,-28.9
2211,8.0,False,-34.7
2221,99.0,True,-5.1
2227,,False,-25.4
2228,13.0,False,-39.4
2230,7.0,False,-79.5
2231,6.0,False,-37.9
2233,2.0,False,-56.9
2235,,False,-25.9
2236,3.0,False,-43.3
2237,,,-6.8
2239,,False,-51.5
2241,71.0,False,-20.5
2243,88.0,True,-22.1
2247,,False,-25.1
2248,,True,-13.8
2250,,False,-42.2
2254,91.0,True,-0.7
2258,52.0,False,-29.9
2301,92.0,True,-14.2
2302,91.0,True,-20.0
2303,93.0,True,-12.9
2305,98.0,True,-17.0
2308,65.0,False,-27.1
2312,61.0,False,-30.5
2313,37.0,False,-26.0
2314,2.0,False,-58.6
2316,68.0,False,-31.4
2317,72.0,False,-20.1
2321,,False,-28.8
2324,71.0,False,-24.2
2327,82.0,False,-48.7
2328,42.0,False,-25.7
2329,14.0,False,-36.7
2330,72.0,True,-1.4
2331,23.0,False,-37.2
2332,79.0,False,-22.7
2337,24.0,False,-36.5
2338,53.0,False,-19.1
2340,89.0,False,-3.1
2342,79.0,True,-19.7
2344,85.0,True,-23.3
2345,23.0,False,-30.4
2347,69.0,True,-2.9
2348,64.0,False,-17.0
2349,7.0,False,-38.6
2351,89.0,True,-17.7
2352,55.0,False,-19.6
2353,55.0,False,-29.0
2354,80.0,False,-12.9
2355,8.0,False,-39.0
2356,62.0,False,-33.4
2357,92.0,True,-6.6
2359,42.0,False,-29.8
2360,73.0,True,-21.6
2362,75.0,False,-10.5
2363,55.0,False,-18.0
2364,71.0,False,-17.6
2365,11.0,False,-35.6
2367,4.0,False,-45.3
2368,53.0,False,-30.1
2369,24.0,False,-30.1
2371,64.0,False,-30.1
2373,,False,-11.2
2374,25.0,False,-31.2
2375,35.0,False,-46.8
2376,85.0,True,-7.1
2377,86.0,True,-10.7
2379,72.0,True,-22.3
2380,8.0,False,-36.4
2382,46.0,False,-24.2
2383,84.0,False,-19.9
2385,34.0,False,-30.1
2387,22.0,False,-22.3
2388,72.0,False,-19.8
2390,20.0,False,-28.8
2392,69.0,False,-19.3
2393,38.0,False,-12.8
2395,94.0,True,-5.0
2397,68.0,False,-13.5
2399,80.0,True,-11.0
2401,46.0,False,-23.4
2402,40.0,False,-30.5
2404,71.0,True,-11.4
2405,27.0,False,-29.6
2406,7.0,False,-32.1
2408,95.0,True,-7.6
2409,95.0,True,-1.0
2412,59.0,False,-0.7
2413,62.0,False,-22.3
2414,44.0,False,-22.0
2415,23.0,False,-27.7
2417,29.0,False,-33.7
2419,46.0,False,-26.5
2420,51.0,False,-12.0
2421,77.0,False,-14.9
2423,,False,-18.3
2424,,False,-87.3
2425,63.0,False,-28.2
2426,96.0,True,-6.7
2427,43.0,False,-20.5
2428,72.0,False,-27.6
2429,2.0,False,-77.7
2430,,False,-27.9
2431,13.0,False,-42.5
2432,,False,-13.8
2433,,False,-18.7
2434,92.0,False,-30.6
2436,65.0,False,-10.0
2438,23.0,False,-31.4
2439,13.0,False,-35.0
2440,26.0,False,-35.5
2441,65.0,True,-18.9
2442,13.0,False,-37.1
2444,85.0,False,0.0
2449,32.0,False,-19.6
2450,,False,-11.9
2451,78.0,True,-24.3
2453,40.0,False,-18.4
2454,96.0,True,-9.7
2455,96.0,True,-1.7
2457,7.0,False,-44.7
2458,15.0,False,-29.8
2459,,False,-10.0
2460,40.0,False,-26.7
2461,41.0,False,-17.4
2462,15.0,False,-32.0
2464,94.0,True,-12.7
2465,91.0,True,-13.6
2466,98.0,True,0.0
2467,50.0,True,-20.2
2468,81.0,False,-18.9
2471,41.0,False,-8.5
2472,37.0,False,-53.1
2474,58.0,False,-22.2
2476,71.0,True,-10.0
2477,47.0,False,-16.7
2478,66.0,False,-50.5
2480,59.0,False,-10.8
2481,79.0,True,-24.9
2482,,False,-22.7
2483,47.0,False,-49.3
2484,94.0,True,-15.2
2485,2.0,False,-52.5
2486,83.0,True,-23.0
2488,,False,-11.8
2489,65.0,False,-28.7
2491,94.0,False,-26.5
2492,91.0,False,-44.0
2493,53.0,False,-41.7
2495,20.0,False,-30.9
2496,,False,-23.3
2497,8.0,False,-37.8
2498,52.0,False,-39.1
2501,17.0,False,-26.6
2504,24.0,False,-23.6
2505,29.0,False,-19.0
2506,34.0,False,-14.5
2509,,False,-18.5
2511,51.0,False,-10.7
2514,,False,-26.3
2515,16.0,False,-36.2
2516,64.0,False,-5.9
2520,66.0,False,-6.7
2524,,False,-29.5
2527,88.0,True,-4.7
2528,30.0,False,-31.4
2530,40.0,False,-36.3
2534,34.0,False,-26.3
2535,63.0,False,-10.2
2536,37.0,False,-26.9
2537,56.0,False,-13.3
2538,21.0,False,-23.2
2539,49.0,False,-16.6
2540,57.0,False,-12.5
2542,39.0,False,-20.9
2543,18.0,False,-53.0
2545,22.0,False,-24.7
2546,89.0,True,-12.5
2547,18.0,False,-17.3
2548,13.0,False,-30.2
2596,66.0,False,-12.8
2597,52.0,False,-19.3
2603,83.0,True,-6.4
2605,67.0,True,-22.7
2606,84.0,True,-7.1
2607,70.0,False,-12.1
2608,40.0,False,-16.8
2609,74.0,False,-14.6
2610,39.0,False,-17.8
2611,53.0,False,-22.5
2612,78.0,False,-20.0
2613,45.0,False,-26.2
2614,50.0,False,-20.5
2615,90.0,True,-16.0
2616,,False,-44.8
2617,59.0,False,-10.0
2618,59.0,True,-7.2
2630,33.0,False,-25.2
2633,40.0,False,-11.8
2634,84.0,True,-13.7
2636,51.0,False,-10.3
2637,89.0,True,-8.5
2640,,False,-21.4
2641,43.0,False,-24.5
2642,,False,-38.1
2643,,False,-18.6
2645,42.0,False,-32.8
2646,35.0,False,-20.9
2701,,False,-9.3
2702,,False,-32.6
2704,,False,-9.6
2705,29.0,False,-17.0
2706,,False,-10.0
2707,,False,-13.4
2712,,False,-34.6
2718,,False,-34.8
2719,,False,-50.9
2722,,False,-32.3
2723,71.0,False,-8.0
2724,,False,-44.1
2726,,False,-54.4
2727,38.0,False,-7.5
2729,,False,-18.2
2731,34.0,False,-22.4
2732,,False,-21.1
2734,,False,-33.8
2736,,False,-34.3
2739,,False,-10.2
2740,,False,-35.7
2743,,False,-46.4
2745,,False,-29.0
2748,,False,-17.3
2752,,False,-20.6
2753,53.0,False,-16.5
2754,,False,-31.9
2755,,False,-17.5
2756,,False,-39.6
2762,,False,-13.8
2801,81.0,True,-7.2
2812,27.0,False,-19.5
2816,79.0,True,-4.1
2820,45.0,False,-7.5
2832,62.0,False,-8.4
2834,56.0,False,-7.2
2836,43.0,False,-7.7
2838,28.0,False,-18.1
2845,48.0,False,-6.9
2849,68.0,False,-5.8
2850,77.0,False,-6.2
2851,86.0,True,-5.3
2852,57.0,False,-9.2
2855,88.0,True,-3.7
2880,83.0,True,-7.1
2881,90.0,True,-3.8
2882,86.0,True,-5.1
2883,92.0,True,-8.5
2884,88.0,True,-4.2
2885,75.0,False,-7.6
2886,69.0,False,-9.0
2887,89.0,True,-9.5
2889,64.0,False,-9.6
2890,80.0,True,-5.0
2891,63.0,True,-8.6
2892,82.0,True,-5.9
2897,55.0,False,-5.7
2901,,False,-6.5
2903,40.0,False,-11.0
2904,,False,-29.4
2905,80.0,False,-6.3
2906,38.0,False,-16.8
2908,60.0,False,-2.2
2910,,False,-25.4
2911,,False,-42.8
2912,28.0,False,-16.1
2913,38.0,False,-25.7
2915,72.0,False,-8.0
2916,,False,-19.3
2923,59.0,False,-45.8
2924,,False,-34.8
2926,,False,-33.4
2929,46.0,False,-39.5
2937,,False,-1.2
2938,,,-2.6
2939,,False,-19.5
2941,,False,-58.4
2945,,False,-12.5
2947,,False,-26.5
2948,,False,-12.3
2949,,False,-22.4
3002,37.0,False,-38.2
3003,53.0,False,-18.9
3004,47.0,False,-25.5
3005,74.0,False,-29.0
3006,92.0,True,-10.5
3008,96.0,True,-21.3
3010,56.0,False,-15.2
3011,2.0,False,-38.7
3013,17.0,False,-37.4
3014,47.0,False,-16.7
3015,21.0,False,-27.3
3016,97.0,True,-0.8
3017,89.0,True,-4.4
3018,,False,-36.5
3019,47.0,False,-19.2
3021,81.0,False,-29.5
3022,78.0,False,-21.5
3023,57.0,False,-11.7
3024,81.0,True,-23.9
3025,16.0,False,-34.8
3026,98.0,True,-20.1
3027,19.0,False,-36.1
3028,33.0,False,-28.2
3029,77.0,False,-7.1
3030,51.0,False,-34.4
3031,73.0,False,-11.0
3032,66.0,False,-24.4
3033,48.0,False,-28.6
3034,70.0,True,-11.4
3035,73.0,False,-12.0
3036,41.0,False,-30.7
3037,96.0,True,0.0
3038,37.0,False,-18.7
3040,7.0,False,-50.1
3041,38.0,False,-24.0
3042,92.0,True,-7.8
3043,,False,-22.7
3044,81.0,True,-9.4
3045,60.0,False,-2.8
3046,63.0,False,-15.8
3047,30.0,False,-31.4
3048,62.0,False,-34.4
3049,45.0,False,-30.8
3050,24.0,False,-24.2
3051,39.0,False,-24.8
3052,35.0,False,-15.4
3054,,False,-37.8
3055,98.0,True,-4.4
3056,31.0,False,-35.1
3057,,False,-37.7
3058,16.0,False,-35.1
3059,20.0,False,-29.0
3060,14.0,False,-31.5
3062,14.0,False,-33.6
3064,,False,-70.2
3066,86.0,True,-7.8
3071,4.0,False,-36.6
3073,,False,-51.4
3078,10.0,False,-44.4
3081,95.0,True,-18.8
3083,,False,-37.8
3086,15.0,False,-40.2
3088,74.0,True,-17.0
3090,49.0,False,-52.5
3092,5.0,False,-40.9
3093,4.0,False,-40.5
3094,98.0,True,-3.7
3095,,False,-33.1
3105,92.0,False,-7.2
3114,61.0,False,-32.2
3115,,False,-34.5
3118,,False,-9.2
3122,,False,-42.8
3128,11.0,False,-40.0
3130,,False,-8.5
3131,2.0,False,-39.9
3135,65.0,False,-40.2
3138,4.0,False,-58.4
3141,90.0,True,-20.8
3147,86.0,True,-24.9
3149,74.0,False,-29.1
3150,,False,-36.6
3152,,False,-42.4
3158,,,-16.9
3162,81.0,False,-8.4
3163,62.0,False,-36.1
3164,,False,-16.5
3167,95.0,True,-3.3
3168,,False,-17.6
3169,71.0,False,-9.8
3171,,False,-28.6
3176,70.0,True,-13.9
3178,71.0,False,-12.5
3188,25.0,False,-28.3
3189,96.0,True,-1.9
3191,,False,-37.7
3205,,False,-29.6
3206,,False,-20.5
3207,1.0,False,-55.5
3209,19.0,False,-44.9
3211,55.0,False,-19.8
3213,57.0,False,-16.3
3217,4.0,False,-39.2
3218,43.0,False,-21.0
3219,96.0,True,-4.5
3221,67.0,True,-19.4
3224,,False,-41.0
3226,,False,-2.9
3227,17.0,False,-27.9
3228,61.0,False,-33.0
3229,96.0,True,-19.3
3230,20.0,False,-35.0
3231,84.0,True,-9.5
3232,,False,-25.9
3234,94.0,True,-17.5
3236,65.0,False,-29.5
3252,,False,-30.0
3257,6.0,False,-38.5
3259,,False,-47.9
3260,47.0,False,-27.2
3264,76.0,True,-15.4
3265,67.0,True,-8.1
3266,,False,-4.8
3268,,True,-9.6
3272,,False,-44.3
3276,,False,-22.5
3284,5.0,False,-38.9
3285,,True,-21.7
3287,87.0,True,-6.6
3288,,False,-32.7
3289,15.0,False,-34.7
3290,18.0,False,-32.8
3293,49.0,False,-5.0
3294,33.0,False,-39.1
3296,64.0,False,-9.8
3297,54.0,False,-46.6
3303,27.0,False,-24.6
3305,14.0,False,-36.6
3306,,False,-34.2
3308,,False,-16.7
3310,,False,-23.9
3311,89.0,False,0.0
3312,62.0,False,-28.8
3313,20.0,False,-50.0
3317,18.0,False,-39.5
3321,26.0,False,-34.7
3322,11.0,False,-38.6
3323,25.0,False,-44.6
3324,92.0,True,-14.0
3325,27.0,False,-43.3
3332,,False,-21.5
3338,55.0,False,-26.8
3339,75.0,False,-35.4
3346,44.0,True,-22.3
3349,14.0,False,-41.8
3354,74.0,False,-19.9
3356,57.0,False,-13.7
3357,43.0,False,-42.0
3360,11.0,False,-34.8
3362,82.0,False,-19.5
3363,82.0,False,-37.0
3372,13.0,False,-35.5
3373,,False,-24.5
3374,96.0,True,-5.7
3376,21.0,False,-35.6
3379,,False,-56.8
3380,29.0,False,-27.3
3388,65.0,False,-35.7
3390,19.0,False,-29.8
3402,50.0,False,-13.9
3406,95.0,True,-15.7
3413,28.0,False,-23.9
3416,48.0,False,-17.0
3419,11.0,False,-32.3
3430,64.0,False,-39.9
3432,,False,-36.2
3434,59.0,False,-18.4
3437,58.0,False,-29.2
3438,,True,-22.9
3441,99.0,True,-5.2
3443,97.0,True,-7.5
3444,60.0,False,-34.8
3447,,False,-61.5
3450,91.0,True,-16.8
3455,91.0,True,-13.2
3465,,False,-42.1
3466,2.0,False,-52.1
3467,88.0,False,-17.6
3479,74.0,True,-16.0
3481,83.0,False,-27.3
3483,33.0,False,-30.6
3484,47.0,False,-12.8
3485,,,-44.6
3489,69.0,True,-12.1
3490,94.0,True,-12.3
3491,69.0,False,-32.5
3492,,False,-33.8
3494,,False,-39.1
3498,97.0,True,-8.5
3499,18.0,False,-35.7
3501,17.0,False,-38.7
3504,79.0,True,-18.1
3508,76.0,False,-53.9
3511,22.0,False,-36.0
3512,,False,-17.0
3515,51.0,False,-39.9
3516,,False,-17.2
3518,93.0,True,-1.8
3520,49.0,False,-15.3
3521,,False,-32.4
3522,19.0,False,-36.5
3523,,False,-38.5
3526,15.0,False,-31.9
3527,,False,-30.5
3528,61.0,False,-37.7
3529,67.0,False,-33.8
3530,31.0,False,-30.4
3531,,False,-14.9
3532,96.0,True,-13.9
3533,15.0,False,-37.2
3535,9.0,False,-38.5
3537,33.0,False,-38.6
3540,26.0,False,-38.9
3541,64.0,False,-9.1
3543,93.0,False,-13.3
3545,36.0,False,-27.5
3546,32.0,False,-16.5
3548,33.0,False,-37.7
3550,35.0,False,-35.0
3551,60.0,False,-14.9
3552,22.0,False,-41.9
3555,,False,-40.7
3556,49.0,False,-27.0
3557,,False,-42.0
3558,,False,-22.3
3563,36.0,False,-23.8
3564,85.0,False,-10.8
3567,,False,-21.9
3570,,False,-12.8
3576,60.0,False,-30.9
3577,62.0,False,-34.9
3580,84.0,False,-8.1
3581,70.0,False,-60.4
3583,60.0,False,-28.6
3587,23.0,False,-38.6
3588,35.0,False,-27.2
3591,68.0,False,-11.2
3592,32.0,False,-21.5
3593,,False,-47.8
3594,38.0,False,-23.8
3596,15.0,False,-32.6
3597,,False,-14.6
3605,98.0,True,-10.5
3607,31.0,False,-28.6
3609,11.0,False,-56.2
3611,,False,-15.0
3615,61.0,False,-32.7
3617,80.0,True,-9.0
3622,6.0,False,-37.7
3623,85.0,False,-10.5
3624,95.0,True,-16.6
3625,2.0,False,-68.8
3628,36.0,False,-34.1
3629,,False,-47.9
3630,30.0,False,-32.9
3631,85.0,True,-8.1
3632,,False,-33.2
3645,16.0,False,-39.1
3646,,False,-15.6
3652,,True,-19.6
3653,96.0,True,-5.0
3661,54.0,False,-32.4
3663,11.0,False,-30.9
3664,,False,-60.9
3665,86.0,True,-15.6
3666,,False,-25.3
3669,38.0,False,-25.2
3672,,False,-23.9
3673,83.0,False,-18.5
3675,82.0,True,-21.6
3679,,False,-16.9
3680,73.0,True,-11.4
3685,82.0,False,-22.8
3686,25.0,False,-34.0
3687,,False,-31.0
3689,34.0,False,-22.6
3691,12.0,False,-36.5
3693,88.0,True,-12.2
3694,11.0,False,-42.2
3701,76.0,False,-30.6
3702,76.0,True,-8.8
3703,29.0,False,-21.6
3704,51.0,False,-21.1
3705,57.0,False,-5.5
3706,62.0,False,-15.2
3707,80.0,False,-15.2
3708,22.0,False,-29.3
3709,30.0,False,-29.5
3710,10.0,False,-47.8
3711,88.0,True,-2.2
3712,62.0,False,-50.0
3713,,False,-50.4
3714,84.0,False,-18.7
3715,3.0,False,-36.4
3716,46.0,False,-10.0
3717,53.0,True,-16.0
3718,,,-24.3
4102,,False,-21.7
4104,52.0,False,-15.4
4105,58.0,False,-9.3
4106,58.0,False,-6.8
4107,,False,-16.7
4108,29.0,False,-29.9
4109,25.0,False,-37.1
4111,,False,-7.1
4113,41.0,False,-42.1
4114,57.0,False,-7.9
4116,,False,-20.2
4119,76.0,False,-8.9
4120,,False,-11.5
4121,,False,-38.1
4123,16.0,False,-32.9
4126,,False,-13.4
4127,12.0,False,-52.5
4128,35.0,False,-35.8
4129,12.0,False,-37.4
4131,,False,-27.4
4133,,False,-29.8
4137,3.0,False,-35.8
4138,,False,-25.2
4139,,True,-7.0
4142,51.0,False,-20.0
4147,56.0,False,-21.3
4148,,False,-29.8
4153,,False,-20.1
4154,,False,-41.4
4155,53.0,False,-10.0
4157,19.0,False,-47.3
4160,,False,-34.5
4161,,False,-29.0
4162,28.0,False,-25.5
4163,,True,-10.7
4164,25.0,False,-45.2
4166,,False,-17.6
4167,61.0,True,-7.8
4168,24.0,False,-25.3
4169,,,-47.8
4171,,False,-39.2
4173,,False,-32.4
4174,87.0,False,-37.1
4178,,,-11.5
4183,,False,-25.8
4188,83.0,False,-20.1
4190,,False,-30.0
4195,,,-30.4
4198,,True,-6.7
4205,,False,-24.0
4207,,False,-8.5
4303,43.0,False,-39.6
4304,13.0,False,-51.5
4306,32.0,False,-14.2
4401,,False,-22.9
4402,,False,-32.6
4406,,False,-8.5
4413,,False,-5.1
4414,8.0,False,-35.2
4416,60.0,False,-78.5
4417,,False,-14.8
4419,,False,-9.2
4420,,False,-31.5
4426,,False,-27.9
4430,,False,-9.9
4432,,False,-14.6
4433,,False,-25.9
4438,,False,-33.4
4439,,False,-16.0
4440,,False,-22.1
4441,,False,-43.2
4442,,False,-31.8
4502,,False,-19.1
4503,1.0,False,-58.6
4506,,False,-11.3
4510,39.0,False,-22.8
4513,42.0,False,-31.9
4523,,False,-40.4
4526,22.0,False,-25.9
4528,,False,-34.8
4529,,False,-49.2
4530,,False,-30.2
4532,21.0,False,-18.6
4533,8.0,False,-38.8
4534,51.0,False,-32.6
4535,,False,-12.7
4536,46.0,False,-18.3
4538,,False,-13.3
4540,72.0,False,-25.5
4541,81.0,False,-25.1
4542,74.0,False,-38.0
4543,,False,-36.9
4545,69.0,False,-14.1
4549,,False,-30.5
4550,,False,-20.2
4551,45.0,False,-36.2
4552,4.0,False,-38.0
4554,,True,-6.6
4555,36.0,False,-31.4
4556,98.0,True,-17.0
4557,,False,-40.5
4558,,False,-36.8
4560,19.0,False,-20.4
4561,70.0,False,-27.1
4562,18.0,False,-36.0
4563,84.0,False,-24.5
4564,31.0,False,-27.6
4566,79.0,True,-5.2
4568,,False,-12.3
4569,,False,-26.6
4571,30.0,False,-36.2
4572,,False,-21.4
4576,83.0,True,-19.6
4577,46.0,False,-51.6
4580,,False,-11.2
4581,,False,-13.4
4582,,,-24.5
4583,,False,-49.9
4584,,False,-32.7
4585,28.0,False,-41.2
4588,,False,-27.9
4590,63.0,,-12.3
4609,,False,-38.3
4702,,False,-15.5
4706,,False,-19.3
4707,92.0,False,-33.0
4711,,False,-15.7
4714,34.0,False,-44.7
4716,48.0,False,-27.7
4720,30.0,False,-30.3
4721,43.0,False,-26.8
4722,54.0,False,-26.5
4726,12.0,False,-39.6
4728,,False,-8.0
4729,25.0,False,-29.6
4735,,False,-11.8
4736,78.0,False,-3.7
4737,,False,-22.8
4739,24.0,False,-34.1
4741,,False,-51.9
4743,22.0,False,-38.5
4744,,False,-29.4
4745,,False,-55.5
4746,21.0,False,-30.0
4747,,False,-44.6
4749,19.0,False,-35.1
4754,,False,-7.0
4755,23.0,False,-32.2
4760,76.0,False,-37.8
4763,49.0,False,-30.4
4764,53.0,False,-45.6
4766,55.0,False,-16.7
4767,,False,-5.3
4768,39.0,False,-36.0
4770,84.0,False,-12.0
4771,67.0,False,-3.4
4772,52.0,False,-28.9
4806,,False,-44.7
4807,80.0,False,-34.2
4903,64.0,False,-19.1
4904,61.0,False,-6.6
4905,,True,-14.0
4906,57.0,False,-25.0
4907,,False,-12.9
4908,93.0,False,-28.2
4909,5.0,False,-50.5
4911,,False,-39.6
4912,79.0,True,-9.4
4915,33.0,False,-28.6
4916,80.0,True,-18.0
4919,77.0,False,-29.1
4923,87.0,True,-5.5
4924,83.0,True,-15.2
4927,64.0,False,-26.9
4930,,False,-32.7
4931,87.0,True,-12.5
4933,,False,-33.6
4934,10.0,False,-35.0
4935,29.0,False,-28.1
4938,67.0,False,-13.0
4939,96.0,True,-16.8
4942,,False,-27.2
4943,,False,-64.2
4946,,False,-40.9
4949,56.0,False,-30.9
4950,,False,-42.4
4951,64.0,False,-36.7
4952,47.0,True,-17.7
4953,44.0,False,-19.2
4956,85.0,False,-22.8
4958,92.0,True,-14.9
4960,32.0,False,-48.9
4961,71.0,True,-2.9
4966,43.0,False,-38.2
4967,75.0,True,-15.5
4968,26.0,False,-40.6
4971,73.0,False,-38.8
4972,,False,-17.8
4973,85.0,False,-36.8
4974,50.0,False,-14.0
4976,63.0,False,-19.2
4977,60.0,False,-35.7
4979,90.0,True,-23.2
4989,3.0,False,-48.9
4991,70.0,False,-40.3
4994,,False,-26.4
4995,,False,-7.2
4999,,False,-33.4
5007,,False,-11.3
5009,52.0,False,-19.2
5011,62.0,False,-26.8
5013,94.0,False,0.0
5014,32.0,False,-17.9
5015,,False,-23.6
5016,,False,-16.9
5201,29.0,False,-47.7
5202,37.0,False,-31.2
5203,14.0,False,-44.1
5205,,False,-33.9
5206,31.0,False,-37.7
5209,56.0,False,-7.6
5210,69.0,True,-8.9
5211,,False,-34.8
5212,,False,-18.5
5213,20.0,False,-18.9
5215,,False,-25.3
5220,72.0,False,-10.5
5222,34.0,False,-27.5
5223,,False,-27.1
5225,3.0,False,-51.9
5227,56.0,False,-28.3
5228,75.0,False,-41.3
5230,74.0,False,-11.2
5234,10.0,False,-37.5
5236,,False,-30.2
5243,44.0,False,-34.6
5244,58.0,False,-25.5
5245,,False,-43.9
5251,45.0,False,-37.6
5258,12.0,False,-46.8
5263,32.0,False,-30.4
5269,65.0,True,-12.0
5272,,False,-36.6
5274,85.0,True,-13.6
5276,,False,-19.6
5278,,False,-35.5
5283,,False,-6.7
5284,17.0,False,-38.9
5285,88.0,True,-14.3
5287,,False,-14.0
5288,70.0,False,-6.7
5289,49.0,False,-36.0
5291,35.0,False,-26.7
5292,77.0,True,-1.6
5299,41.0,False,-26.1
5302,10.0,False,-37.2
5306,53.0,False,-12.0
5309,61.0,False,-22.2
5310,,False,-32.1
5312,,False,-19.6
5314,95.0,False,-36.1
5315,8.0,False,-28.3
5321,94.0,True,-22.1
5324,53.0,False,-5.3
5328,86.0,False,-33.4
5340,21.0,False,-39.3
5344,,False,-28.2
5345,,False,-44.4
5347,75.0,True,-16.1
5348,,False,-18.0
5351,92.0,True,-17.7
5353,,False,-18.6
5355,76.0,False,-26.4
5356,,False,-14.2
5364,,False,-53.8
5381,6.0,False,-44.9
5386,86.0,False,-29.9
5388,24.0,False,-32.3
5392,28.0,False,-33.2
5398,,False,-56.0
5403,,False,-26.4
5410,14.0,False,-33.5
5425,74.0,False,-29.2
5426,68.0,False,-26.3
5432,65.0,False,-15.6
5434,87.0,True,-3.2
5438,,False,-45.4
5439,6.0,False,-45.4
5443,47.0,False,-20.1
5450,,False,-29.1
5452,8.0,False,-31.6
5457,2.0,False,-53.5
5460,48.0,True,-17.9
5464,94.0,True,-16.8
5465,86.0,False,-10.4
5468,39.0,False,-31.0
5469,20.0,False,-34.0
5471,55.0,False,-22.6
5474,61.0,False,-19.9
5475,7.0,False,-55.4
5478,,False,-15.9
5481,48.0,False,-21.5
5483,90.0,True,-20.8
5484,11.0,False,-33.7
5487,,False,-7.9
5488,45.0,False,-36.3
5489,,False,-38.5
5490,32.0,False,-28.7
5493,58.0,False,-15.1
5498,36.0,False,-36.2
5508,41.0,False,-45.0
5511,67.0,False,-8.4
5512,35.0,False,-13.5
5514,,False,-15.8
5515,86.0,True,-9.4
5516,,False,-30.9
5519,12.0,False,-18.2
5520,,False,-13.9
5521,40.0,False,-61.8
5522,26.0,False,-27.9
5523,,False,-8.3
5525,,False,-27.9
5529,73.0,False,-14.9
5530,52.0,False,-16.6
5531,9.0,False,-28.3
5533,41.0,False,-12.0
5534,29.0,False,-17.8
5536,23.0,False,-35.8
5538,,False,-7.6
5543,,False,-25.5
5546,,False,-49.4
5547,,,-3.3
5548,,False,-13.4
5601,,False,-21.3
5603,15.0,False,-32.9
5604,,False,-21.9
5607,61.0,False,-11.3
5608,73.0,False,-17.3
5609,48.0,False,-8.8
5701,,False,-37.4
5704,,False,-24.5
5706,,False,-22.8
5864,82.0,True,-18.4
5871,30.0,False,-14.9
5876,77.0,True,-2.1
5878,,False,-11.0
5880,63.0,False,-5.4
5902,,False,-28.2
5903,,False,-5.6
5904,50.0,False,-25.9
5905,16.0,False,-34.8
5906,,False,-29.2
5907,21.0,False,-28.5
6005,66.0,True,-19.6
6015,71.0,False,-25.8
6016,77.0,False,-25.9
6020,,False,-21.4
6021,76.0,True,-8.8
6023,50.0,False,-7.1
6024,68.0,False,-6.3
6026,56.0,False,-18.4
6028,,,-0.2
6101,23.0,False,-25.3
6103,,False,-32.3
6104,29.0,False,-26.2
6108,91.0,True,-3.4
6109,9.0,False,-32.8
6111,23.0,False,-28.9
6112,64.0,False,-15.4
6113,58.0,False,-21.9
6114,,False,-32.2
6115,26.0,False,-12.2
6116,82.0,False,-29.3
6117,14.0,False,-35.1
6118,37.0,False,-30.1
6120,70.0,False,-7.6
6121,45.0,False,-21.4
6122,82.0,False,-0.2
6123,,False,-23.4
6124,,False,-34.9
6125,16.0,False,-37.9
6126,31.0,False,-29.8
6127,15.0,False,-42.7
6128,,False,-33.4
6129,3.0,False,-37.6
6130,35.0,False,-51.1
6133,75.0,False,-6.1
6134,21.0,False,-30.9
6136,57.0,False,-14.2
6138,22.0,False,-35.5
6139,57.0,True,-21.5
6140,41.0,False,-43.4
6141,95.0,True,-14.9
6142,37.0,False,-24.1
6143,10.0,False,-45.2
6144,,False,-46.0
6146,36.0,False,-23.4
6147,95.0,False,-28.9
6148,69.0,False,-24.4
6150,72.0,False,-28.2
6151,42.0,False,-31.0
6152,69.0,False,-29.3
6153,34.0,False,-30.4
6154,,False,-3.4
6155,68.0,False,-29.6
6156,12.0,False,-35.2
6158,,False,-30.0
6160,,False,-41.8
6161,56.0,False,-23.6
6163,6.0,False,-46.2
6164,19.0,False,-27.6
6165,57.0,False,-13.3
6166,89.0,False,-25.3
6167,7.0,False,-41.7
6168,94.0,True,-4.2
6169,,False,-43.5
6170,34.0,False,-9.0
6171,,False,-19.7
6173,98.0,True,-16.4
6174,91.0,True,-17.9
6175,47.0,False,-37.6
6176,6.0,False,-51.1
6177,47.0,False,-18.7
6179,90.0,False,-12.9
6180,18.0,False,-35.8
6182,96.0,False,-30.6
6183,,False,-8.3
6184,22.0,False,-20.8
6185,14.0,False,-30.6
6186,5.0,False,-49.7
6187,90.0,True,-9.1
6188,4.0,False,-52.4
6189,48.0,False,-17.5
6190,42.0,False,-28.9
6191,9.0,False,-37.5
6192,28.0,False,-19.5
6194,,False,-31.3
6195,,False,-3.9
6196,90.0,True,-0.2
6197,87.0,True,-16.2
6198,,False,-35.6
6199,83.0,False,-1.5
6201,,False,-23.7
6202,58.0,False,-22.0
6203,,False,-31.2
6204,79.0,True,-15.4
6205,73.0,False,-29.5
6206,76.0,False,-13.8
6207,94.0,True,-18.5
6208,70.0,False,-25.9
6209,83.0,True,-19.7
6210,,False,-21.4
6212,,False,-26.7
6213,99.0,True,-2.4
6214,93.0,True,-3.3
6215,20.0,False,-29.1
6216,10.0,False,-33.0
6217,6.0,False,-52.2
6218,97.0,True,-6.7
6219,,False,-44.8
6220,4.0,False,-45.3
6221,85.0,False,-26.2
6222,,False,-15.5
6223,41.0,False,-31.0
6224,87.0,True,-17.1
6225,99.0,True,-14.6
6226,98.0,True,-10.3
6227,86.0,True,-3.4
6228,,False,-47.9
6229,,False,-22.6
6230,,False,-41.5
6231,20.0,False,-34.9
6233,30.0,False,-24.0
6234,58.0,False,-36.9
6235,25.0,False,-49.9
6236,,False,-45.7
6237,16.0,False,-37.9
6239,74.0,True,-20.4
6240,91.0,True,-6.5
6241,,False,-37.9
6242,,False,-18.4
6243,75.0,False,-25.9
6244,21.0,False,-38.4
6245,75.0,True,-6.5
6246,,False,-33.1
6248,,False,-22.9
6257,82.0,True,-7.9
6259,77.0,True,-24.6
6261,26.0,False,-42.0
6263,75.0,True,-13.1
6264,,False,-19.7
6265,68.0,False,-27.1
6266,52.0,False,-15.9
6269,59.0,False,-28.0
6270,42.0,False,-33.4
6271,72.0,True,-22.4
6272,8.0,,-54.6
6274,93.0,True,-15.6
6275,45.0,False,-22.7
6277,66.0,False,-13.0
6278,90.0,True,-14.7
6279,51.0,False,-18.2
6281,,False,-26.8
6282,9.0,False,-37.6
6283,12.0,False,-29.7
6284,9.0,False,-39.1
6285,63.0,False,-29.3
6290,62.0,False,-26.1
6291,66.0,False,-31.3
6292,83.0,True,-4.2
6294,,False,-48.6
6405,28.0,False,-52.3
6409,22.0,False,-35.8
6411,17.0,False,-32.3
6412,13.0,False,-33.0
6414,79.0,False,-23.1
6415,35.0,False,-38.8
6416,91.0,True,-5.2
6417,14.0,False,-31.8
6418,,False,-56.7
6419,84.0,True,-19.8
6423,,False,-29.8
6425,75.0,False,-26.8
6426,97.0,True,-12.3
6431,,False,-46.7
6432,81.0,True,-23.4
6435,67.0,False,-38.1
6438,45.0,False,-13.0
6441,73.0,False,-25.2
6442,33.0,False,-36.0
6443,5.0,False,-49.1
6446,87.0,False,-29.2
6449,33.0,False,-53.6
6451,54.0,False,-43.3
6456,92.0,False,-2.9
6461,,False,-37.7
6462,36.0,False,-34.0
6464,,False,-5.6
6465,4.0,False,-45.6
6469,27.0,False,-47.4
6470,,False,-22.0
6472,38.0,False,-40.4
6474,,,-13.3
6477,55.0,False,-24.3
6482,,False,-50.6
6485,56.0,False,-35.7
6486,41.0,False,-12.6
6488,93.0,False,-25.6
6491,86.0,True,-0.9
6492,4.0,False,-48.3
6494,32.0,False,-26.3
6496,,False,-21.6
6498,3.0,False,-40.8
6499,59.0,False,-40.4
6504,,False,-28.9
6505,95.0,True,-2.9
6506,,False,-12.7
6508,58.0,False,-12.5
6509,49.0,True,-15.7
6510,37.0,False,-31.4
6512,,False,-11.6
6515,2.0,False,-47.2
6516,,False,-20.0
6517,54.0,False,-22.0
6523,,False,-29.5
6525,71.0,False,-36.9
6526,88.0,True,-3.1
6527,,False,-14.3
6530,76.0,False,-27.7
6531,90.0,True,-23.4
6532,90.0,True,-5.5
6533,96.0,False,-4.0
6534,,False,-20.0
6535,4.0,False,-73.4
6538,99.0,True,-20.4
6541,2.0,False,-56.5
6542,,False,-31.6
6546,17.0,False,-33.6
6547,81.0,True,-15.8
6548,67.0,False,-26.2
6550,1.0,False,-77.4
6552,,False,-35.1
6556,,False,-19.0
6558,17.0,False,-49.3
6560,,False,-36.8
6561,,False,-27.2
6568,6.0,False,-50.2
6569,,False,-31.7
6570,,False,-27.9
6573,21.0,False,-45.3
6574,,False,-22.4
6576,44.0,False,-15.7
6577,,False,-16.1
6578,,False,-30.7
6579,69.0,True,-16.4
6581,,False,-6.1
6582,,False,-22.5
6584,5.0,False,-37.9
6585,23.0,False,-31.0
6588,78.0,False,-31.5
6589,54.0,False,-39.7
6590,,False,-12.7
6591,,False,-51.3
6592,31.0,False,-19.8
6593,,False,-43.7
6596,,False,-37.5
6597,,False,-23.9
6598,77.0,False,-14.6
6603,81.0,False,-18.6
6605,54.0,False,-21.1
6606,,False,-11.2
6609,,False,-21.8
6612,,False,-12.1
6613,38.0,False,-29.2
6614,,,-39.1
6615,,False,-15.9
6616,,False,-27.3
6617,95.0,True,-11.7
6620,94.0,,-7.4
6624,,False,-48.9
6625,,False,-19.3
6629,,False,-35.3
6637,,False,-35.8
6640,26.0,False,-39.5
6641,,False,-39.9
6642,78.0,True,-17.2
6643,58.0,False,-29.3
6645,,False,-51.6
6649,,False,-53.5
6651,82.0,True,-15.2
6654,,True,-9.5
6655,,False,-11.3
6657,18.0,False,-44.9
6658,88.0,False,-30.0
6662,,False,-15.9
6664,57.0,False,-24.0
6666,,False,-13.5
6667,51.0,False,-14.0
6668,84.0,False,-12.5
6669,90.0,False,-27.5
6670,60.0,False,-11.2
6671,,False,-43.2
6672,97.0,True,0.0
6674,61.0,False,-19.7
6679,7.0,False,-40.7
6683,27.0,False,-41.9
6684,36.0,False,-27.0
6689,39.0,False,-26.8
6690,63.0,False,-12.4
6691,81.0,True,-2.4
6692,,False,-38.1
6693,77.0,False,-26.4
6695,65.0,True,-21.2
6697,,False,-26.5
6698,14.0,False,-34.7
6703,,False,-10.5
6706,72.0,False,-31.3
6708,93.0,False,0.0
6712,64.0,False,-14.4
6715,73.0,False,-21.1
6716,91.0,True,-13.6
6719,6.0,False,-42.0
6720,,False,-30.8
6722,,,-31.1
6725,,,-48.0
6727,89.0,False,-26.0
6728,,False,-25.7
6730,,,-20.1
6732,,False,-40.0
6733,,False,-46.3
6735,,False,-54.8
6739,48.0,False,-33.2
6741,24.0,False,-36.2
6742,61.0,False,-23.0
6743,89.0,True,-2.7
6751,,False,-37.4
6752,,False,-30.6
6753,42.0,False,-21.3
6754,,False,-17.4
6756,68.0,False,-15.9
6757,33.0,False,-33.3
6761,30.0,False,-29.7
6762,,False,-29.7
6763,20.0,False,-42.4
6767,,False,-22.0
6768,9.0,False,-49.0
6770,74.0,True,-19.0
6771,,False,-18.2
6776,,False,-30.2
6781,24.0,False,-34.1
6782,78.0,True,-7.8
6785,,False,-70.1
6788,18.0,False,-34.4
6789,73.0,False,-23.6
6790,27.0,False,-9.1
6791,,False,-31.0
6792,,False,-23.1
6794,,False,-17.8
6796,,False,-45.8
6799,49.0,False,-22.3
6803,,False,-14.6
6804,,False,-14.8
6805,87.0,True,-16.0
6807,,False,-38.2
6811,75.0,True,-11.9
6821,5.0,False,-39.1
6823,,False,-46.2
6829,79.0,False,-27.7
6830,78.0,False,-45.3
6831,3.0,,-50.4
6834,97.0,True,-8.4
6835,,False,-25.1
6838,48.0,False,-24.0
6840,93.0,True,-11.5
6841,26.0,False,-33.8
6843,,False,-37.7
6844,,False,-39.6
6846,,False,-25.2
6854,3.0,False,-51.9
6855,,False,-16.5
6856,,False,-32.5
6859,,False,-12.8
6861,88.0,False,-39.6
6862,5.0,False,-42.7
6863,,False,-34.9
6865,,False,-47.6
6869,34.0,False,-44.0
6870,91.0,True,-8.2
6872,87.0,False,-14.6
6873,9.0,False,-52.1
6874,,False,-17.4
6875,5.0,False,-54.0
6877,,False,-23.2
6881,,False,-24.3
6884,,,-33.2
6885,88.0,False,-9.5
6887,,False,-50.6
6890,7.0,False,-51.1
6894,,False,-13.2
6895,,False,-50.1
6899,,False,-30.1
6901,56.0,False,-24.1
6902,89.0,True,-18.0
6903,18.0,False,-29.8
6904,,False,-9.6
6906,55.0,False,-30.8
6907,91.0,,-18.5
6908,,,-50.2
6909,10.0,False,-38.0
6910,,,-36.6
6913,70.0,False,-23.1
6914,,False,-6.3
6916,,False,-20.3
6918,,False,-20.9
6919,13.0,False,-60.6
6921,,,-36.8
6922,84.0,True,-7.6
6923,,False,-43.5
6924,,False,-31.0
6925,58.0,False,-53.4
6928,,False,-34.1
6929,,False,-38.9
6931,,False,-45.8
6933,98.0,True,-8.2
6934,,,-57.8
6936,,False,-30.3
6937,68.0,False,-15.3
6944,74.0,True,-5.3
6945,,,-8.7
6947,,,-19.8
6949,77.0,False,-45.7
6951,,False,-7.9
6952,,False,-26.5
6953,,False,-14.4
6955,,False,-35.3
6957,97.0,True,-5.8
6958,,False,-16.9
6961,,,-25.4
6962,26.0,False,-29.8
6965,,False,-41.1
6967,51.0,False,-21.3
6968,,False,-35.3
6969,78.0,False,-29.8
6971,,False,-43.6
6982,,False,-38.6
6983,,,-31.7
6986,,,-16.8
6988,,False,-46.5
6994,1.0,False,-69.8
6996,,False,-20.4
6997,,False,-37.3
7402,8.0,False,-38.2
7547,44.0,False,-35.9
7556,,False,-19.2
7610,97.0,False,-36.8
7631,,True,-19.3
7642,,False,-40.2
7689,,,-11.3
7703,,False,-21.2
7704,,True,-19.3
7705,,False,-32.2
7708,,False,-10.0
7709,52.0,False,-41.8
7711,97.0,,-9.6
7712,65.0,True,-21.8
7714,79.0,False,-20.6
7715,,False,-35.8
7716,,False,-15.1
7717,75.0,,-41.5
7718,,False,-18.6
7721,,False,-31.9
7722,,False,-58.1
7723,,False,-58.3
7728,,False,-34.2
7730,52.0,False,-23.5
7732,,False,-24.8
7734,51.0,False,-39.1
7736,,False,-30.9
7738,,False,-29.2
7740,3.0,False,-52.0
7743,,False,-6.5
7744,77.0,,-14.7
7747,,False,-13.9
7749,40.0,False,-29.0
7750,63.0,False,-38.6
7751,70.0,False,-43.3
7753,,False,-33.8
7757,,False,-37.3
7760,,,-12.2
7765,57.0,False,-26.7
7767,,,-12.2
7768,,,-29.5
7769,60.0,,-34.1
7770,,,-37.7
7772,,,-11.0
7777,72.0,,-19.2
7780,13.0,False,-45.4
7782,,False,-26.6
7786,31.0,,-32.1
7788,93.0,True,-11.5
7791,,False,-34.9
7792,93.0,,-6.2
7794,,,-32.7
7795,70.0,,-17.7
7799,91.0,False,-27.3
7803,,,-35.5
7805,,,-23.7
7810,69.0,,-27.8
7811,,,-22.4
7812,,,-12.1
7814,,,-30.2
7818,,,-15.3
7819,,,-33.1
7820,,,-30.0
7821,,,-32.9
7822,5.0,,-46.7
7823,,,-51.8
7825,,,-29.0
7827,,,-10.7
7828,,,-26.3
7835,,,-60.1
7839,,,-20.6
7842,,,-24.1
7855,,,-8.0
7856,,,-16.0
8011,15.0,False,-36.6
8016,66.0,True,-22.7
8021,90.0,True,-11.8
8024,,False,-31.5
8027,67.0,False,-28.1
8028,67.0,True,-22.3
8032,,False,-26.5
8033,59.0,False,-35.7
8034,20.0,False,-34.1
8038,17.0,False,-43.0
8039,98.0,True,-18.7
8040,85.0,False,-26.7
8042,70.0,False,-46.7
8043,74.0,False,-40.7
8044,31.0,False,-35.9
8045,15.0,False,-46.9
8046,95.0,True,-1.4
8047,,False,-15.1
8048,16.0,False,-33.2
8049,31.0,False,-15.6
8050,85.0,True,-10.4
8054,12.0,False,-44.2
8059,1.0,False,-63.2
8064,88.0,False,-25.3
8066,,False,-37.7
8067,,False,-38.4
8068,23.0,False,-39.9
8069,7.0,False,-42.8
8070,45.0,False,-23.2
8071,24.0,False,-36.2
8072,41.0,False,-22.1
8074,25.0,False,-40.9
8076,19.0,False,-26.9
8077,,False,-26.3
8081,27.0,False,-26.0
8083,,False,-13.7
8084,1.0,False,-68.0
8085,71.0,False,-32.6
8086,19.0,False,-34.4
8087,,False,-40.9
8088,6.0,False,-39.2
8089,30.0,False,-48.0
8091,66.0,True,-21.9
8092,,False,-41.3
8093,,False,-28.5
8096,2.0,False,-49.7
8097,12.0,False,-31.1
8099,54.0,False,-28.9
8101,,False,-44.0
8102,,,-27.2
8103,84.0,True,-11.4
8104,16.0,False,-33.6
8105,18.0,False,-39.4
8107,,False,-28.4
8109,81.0,True,-12.0
8110,37.0,False,-43.2
8111,93.0,False,0.0
8112,49.0,False,-19.1
8114,43.0,False,-35.4
8121,38.0,False,-40.4
8131,38.0,False,-27.1
8147,46.0,False,-27.3
8150,93.0,True,0.0
8155,49.0,False,-32.7
8162,73.0,False,-25.0
8163,16.0,False,-34.7
8171,30.0,False,-35.6
8176,,False,-32.2
8182,67.0,True,-23.6
8201,87.0,False,-3.9
8210,3.0,False,-47.1
8213,43.0,False,-21.8
8215,67.0,False,-11.1
8222,27.0,False,-32.2
8227,98.0,True,-3.8
8234,29.0,False,-32.7
8240,74.0,False,-25.9
8249,12.0,False,-37.3
8255,34.0,False,-34.3
8261,53.0,False,-51.0
8271,80.0,False,-25.3
8272,,False,-34.4
8277,,False,-60.6
8279,,False,-43.6
8284,,False,-3.1
8289,66.0,False,-28.1
8291,,,-78.5
8299,64.0,False,-27.3
8341,40.0,False,-23.2
8342,,False,-12.1
8349,47.0,False,-14.9
8354,,False,-14.1
8358,87.0,False,-31.5
8367,,False,-13.9
8374,32.0,False,-34.5
8383,82.0,False,-28.0
8390,22.0,False,-31.4
8401,,False,-23.6
8403,,False,-25.4
8404,4.0,False,-54.7
8409,,False,-31.1
8410,,False,-35.3
8411,32.0,False,-12.8
8415,54.0,False,-10.5
8416,,False,-10.5
8421,42.0,False,-27.4
8422,27.0,False,-50.9
8423,,False,-9.1
8424,,False,-9.1
8426,,False,-34.5
8429,25.0,False,-31.9
8431,76.0,False,-21.5
8432,,False,-13.8
8433,,False,-17.8
8435,,False,-12.1
8436,18.0,False,-35.8
8437,,False,-43.4
8438,36.0,False,-24.8
8440,,False,-36.3
8442,,False,-39.4
8443,,False,-10.2
8446,,False,-15.5
8450,,False,-24.0
8454,51.0,False,-48.8
8462,,False,-13.3
8463,,False,-24.4
8464,46.0,False,-23.9
8466,,False,-42.1
8467,,False,-55.3
8472,,False,-34.0
8473,44.0,False,-23.4
8476,23.0,False,-20.2
8477,,False,-38.2
8478,,False,-40.8
8481,,False,-8.9
8482,,False,-14.9
8487,,False,-19.0
8488,35.0,False,-20.2
8489,,False,-55.1
8499,,False,-37.9
8906,,False,-31.2
8908,,False,-20.6
8916,,False,-19.4
8921,,False,-16.1
8924,,False,-35.2
8926,45.0,False,-30.0
8927,15.0,False,-51.5
8928,,False,-17.9
8929,,False,-28.2
8930,,False,-15.4
8931,48.0,False,-20.5
8932,69.0,True,-15.9
8933,,False,-51.6
8935,10.0,False,-32.3
8936,31.0,False,-24.5
8937,10.0,False,-45.7
8938,,False,-31.0
8940,,False,-35.2
8941,,False,-6.4
8942,52.0,False,-17.2
8996,85.0,True,-10.1
9103,38.0,False,-25.0
9105,68.0,False,-39.6
9110,,False,-37.9
9136,8.0,False,-50.4
9802,14.0,False,-44.7
9902,,False,-30.8
9904,39.0,False,-23.8
9905,,False,-5.5
9906,,False,-39.2
9907,29.0,False,-27.1
9908,40.0,False,-17.5
9910,37.0,False,-50.1
9911,34.0,False,-12.3
9912,,False,-11.7
9914,36.0,False,-39.6
9917,42.0,False,-13.8
9918,,False,-29.5
9919,39.0,False,-35.2
9921,80.0,False,-19.5
9924,,False,-32.2
9925,39.0,False,-5.0
9926,,False,-14.7
9927,26.0,False,-16.2
9928,,False,-15.1
9929,41.0,False,-26.3
9930,20.0,False,-17.9
9931,,False,-34.0
9933,76.0,True,0.0
9934,47.0,False,-18.4
9935,28.0,False,-14.1
9937,,False,-16.6
9938,10.0,False,-37.8
9939,61.0,False,-14.4
9940,54.0,False,-18.0
9941,37.0,False,-25.5
9942,,False,-9.9
9943,,False,-23.9
9944,,False,-8.1
9945,68.0,False,-6.1
9946,19.0,False,-22.9
9949,10.0,False,-35.2
9950,,False,-27.4
9951,,False,-23.4
9955,8.0,False,-44.6
9958,5.0,False,-49.6
9960,,True,-9.4
9962,,False,-15.9
