date,code,name,industry,market,first_time,first_price,last_price,last_chg,vol_lots,vol_x,proj_x,watch,peers,still_hit,tpl,rs,group_rank,locked,lock_since,rev_yoy,official
2026-10-05,8111,立碁,光電業,TPEX,09:31,90.55,94.3,9.91,37380.0,3.3,3.4,False,5,True,False,93.0,4,True,12:37,-9.0,True
2026-10-05,6168,宏齊,光電業,TWSE,09:31,48.15,47.08,2.35,31076.0,5.3,5.6,False,6,False,True,94.0,4,False,,19.0,False
2026-10-05,4927,泰鼎-KY,電子零組件業,TWSE,09:31,52.9,52.9,9.87,8380.0,1.5,1.6,False,12,False,False,64.0,5,True,09:01,36.0,False
2026-10-05,3597,映興,電子零組件業,TPEX,09:31,30.45,30.45,9.93,1192.0,24.1,25.5,False,11,True,True,,5,True,13:10,32.0,True
2026-10-05,3564,其陽,通信網路業,TPEX,09:31,61.7,61.7,9.98,880.0,1.5,1.6,False,6,False,False,85.0,8,True,09:01,48.0,False
2026-10-05,3441,聯一光,光電業,TPEX,09:31,232.0,232.0,9.95,9565.0,1.3,1.4,False,6,False,True,99.0,4,True,09:16,1.0,False
2026-10-05,3268,海德威,半導體業,TPEX,09:31,22.95,22.8,5.31,998.0,6.2,6.6,False,6,True,True,,3,False,,9.0,True
2026-10-05,1735,日勝化,化學工業,TWSE,09:31,24.35,24.35,9.93,888.0,9.3,9.8,False,6,True,False,,2,True,09:10,20.0,False
2026-10-05,1459,聯發,紡織纖維,TWSE,09:31,20.55,20.55,9.89,928.0,2.6,2.7,False,0,False,True,92.0,21,True,09:01,-14.0,False
2026-10-05,6227,茂綸,電子通路業,TPEX,09:31,146.75,142.5,1.42,2796.0,2.7,2.8,False,0,False,True,86.0,17,False,,169.0,False
2026-10-05,4912,聯德控股-KY,電子零組件業,TWSE,09:34,114.5,109.5,3.3,1558.0,1.8,1.9,False,12,False,True,79.0,5,False,,32.0,False
2026-10-05,6742,澤米,光電業,TWSE,09:37,62.85,60.2,4.33,2824.0,2.0,2.1,False,6,False,False,61.0,4,False,,-7.0,False
2026-10-05,2466,冠西電,光電業,TWSE,09:37,152.75,155.0,9.93,4505.0,1.4,1.5,False,6,False,True,98.0,4,True,10:01,60.0,False
2026-10-05,8358,金居,電子零組件業,TPEX,09:40,565.0,570.0,9.83,40335.0,3.2,3.3,False,11,True,True,87.0,5,True,11:23,60.0,True
2026-10-05,2527,宏璟,建材營造業,TWSE,09:40,52.45,51.6,4.14,1670.0,1.9,2.0,True,0,False,True,88.0,27,False,,4.0,False
2026-10-05,2302,麗正,半導體業,TWSE,09:40,49.12,49.75,6.99,16022.0,3.0,3.1,False,6,True,True,91.0,3,False,,88.0,True
2026-10-05,3707,漢磊,半導體業,TPEX,09:40,90.2,85.15,-0.06,54427.0,1.9,2.0,False,7,False,False,80.0,3,False,,30.0,False
2026-10-05,8021,尖點,其他電子業,TWSE,09:43,573.0,559.5,1.18,11425.0,4.4,4.6,False,3,False,True,90.0,6,False,,98.0,False
2026-10-05,6152,百一,通信網路業,TWSE,09:46,17.0,17.25,9.87,8422.0,9.1,9.6,True,5,True,False,69.0,8,True,12:31,118.0,True
2026-10-05,6274,台燿,電子零組件業,TPEX,09:55,1780.0,1780.0,9.88,11267.0,1.4,1.5,False,12,False,True,93.0,5,True,09:55,132.0,False
2026-10-05,6209,今國光,光電業,TWSE,09:55,89.3,87.85,4.71,17540.0,2.1,2.2,False,6,False,True,83.0,4,False,,107.0,False
2026-10-05,6266,泰詠,電子零組件業,TPEX,10:25,27.73,26.98,0.3,1910.0,2.9,3.0,False,12,False,False,52.0,5,False,,11.0,False
2026-10-05,6187,萬潤,半導體業,TPEX,10:34,1490.0,1490.0,9.96,4500.0,1.6,1.7,False,7,False,True,90.0,3,True,10:34,103.0,False
2026-10-05,5432,新門,綠能環保,TPEX,11:32,177.0,176.25,7.14,653.0,2.9,3.1,False,0,True,False,65.0,18,False,,4.0,True
2026-10-05,7556,意德士,半導體業,TPEX,11:58,297.5,300.0,9.89,341.0,5.7,6.0,False,6,True,False,,3,True,12:07,45.0,False
2026-10-05,6658,聯策,其他電子業,TWSE,12:04,200.0,200.0,9.89,1573.0,5.7,6.0,False,2,True,True,88.0,6,True,12:04,104.0,False
2026-10-05,2480,敦陽科,資訊服務業,TWSE,13:18,168.75,167.25,3.56,728.0,6.2,6.6,False,1,True,False,59.0,10,False,,20.0,False
