code,name,industry,signal_date,signal_time,alert_price,entry_price,surge_volume,status,exit_signal_date,exit_reason,exit_close,days_held,est_return_pct
3311,閎暉,通信網路業,2026-10-01,13:14,45.15,45.15,7066254.0,open,,,,0.0,
3701,大眾控,電腦及週邊設備業,2026-10-01,13:14,50.4,50.4,8814066.0,open,,,,0.0,
3441,聯一光,光電業,2026-10-01,13:14,202.5,202.5,6283248.0,open,,,,0.0,
2340,台亞,半導體業,2026-10-01,13:14,44.35,43.85,40533802.0,open,,,,0.0,
4912,聯德控股-KY,電子零組件業,2026-10-01,13:14,107.0,107.0,1798906.0,open,,,,0.0,
6532,瑞耘,半導體業,2026-10-01,13:14,122.5,122.5,5888125.0,open,,,,0.0,
8111,立碁,光電業,2026-10-02,13:14,85.8,,23276000.0,open,,,,,
6266,泰詠,電子零組件業,2026-10-02,13:14,27.4,,2409000.0,open,,,,,
5244,弘凱,光電業,2026-10-02,13:14,37.75,,587000.0,open,,,,,
3441,聯一光,光電業,2026-10-02,13:14,212.25,,26320000.0,open,,,,,
6292,迅德,電子零組件業,2026-10-02,13:14,69.75,,798000.0,open,,,,,
